the,4086
and,2162
to,2018
a,1814
of,1630
harry,1503
he,1388
was,1266
said,1199
his,1163
in,1025
it,1023
you,896
i,749
had,674
at,673
that,653
ron,650
on,594
as,583
with,484
him,483
they,477
but,457
for,427
out,383
up,377
all,375
be,373
were,365
them,333
from,315
what,310
into,305
hermione,289
her,289
have,283
back,278
been,277
there,265
this,250
not,249
me,244
so,239
she,236
its,228
is,219
no,218
if,215
who,212
one,211
could,204
their,203
malfoy,202
lockhart,197
over,196
my,192
professor,190
we,187
got,185
an,185
about,183
by,181
just,181
like,178
off,172
around,171
when,170
down,169
through,167
now,163
know,161
then,161
very,159
weasley,157
looked,155
didnt,153
go,152
see,150
your,147
think,147
eyes,145
do,145
time,145
would,143
dont,143
well,142
harrys,142
dobby,139
dumbledore,139
get,136
mr,135
how,133
hagrid,130
more,130
right,128
still,126
potter,125
look,124
door,123
face,119
come,119
head,118
here,117
never,115
though,115
looking,114
voice,113
too,112
long,112
again,111
can,109
only,109
something,107
wand,107
school,106
going,106
are,104
where,104
im,101
fred,100
riddle,100
room,99
ginny,98
than,98
will,97
way,97
mrs,95
did,94
large,94
told,93
before,93
behind,93
hogwarts,90
away,90
saw,88
heard,88
sir,88
slytherin,87
george,87
or,87
last,87
even,86
snape,85
which,85
tell,84
dark,84
hand,83
chamber,83
mcgonagall,83
himself,82
next,81
car,81
thought,80
ive,80
why,79
came,79
gryffindor,78
good,78
turned,77
oh,76
let,76
went,76
two,75
people,75
floor,73
other,72
seemed,71
any,71
first,71
toward,70
front,70
after,69
open,68
youre,67
percy,67
knew,67
made,67
because,66
want,66
has,66
thats,65
say,65
diary,64
hes,64
great,63
onto,63
wasnt,63
nearly,62
couldnt,62
anything,61
might,61
trying,60
must,60
left,60
feet,60
opened,60
another,60
ever,60
some,59
hed,59
felt,58
thing,58
us,57
started,56
old,55
our,55
quickly,55
moment,55
took,54
ill,54
much,54
better,54
once,54
little,54
under,53
magic,53
found,53
pulled,53
year,52
whats,52
make,51
small,51
house,51
gave,51
cant,50
course,50
end,50
really,50
find,50
three,50
bed,50
seen,49
boy,49
own,49
castle,49
secrets,49
black,49
suddenly,49
robes,48
sure,48
inside,48
hair,48
hear,47
mean,47
hard,47
against,47
hat,47
myrtle,47
youve,47
asked,47
rons,46
filch,46
take,46
both,46
stood,46
window,46
hadnt,46
wall,45
nothing,45
whole,45
hall,45
need,45
book,45
wizard,45
mouth,44
madam,44
crowd,44
colin,44
few,43
put,43
quidditch,43
reached,43
nick,43
someone,43
uncle,42
tried,42
books,42
while,42
most,42
wood,42
stop,42
almost,42
new,41
read,41
however,41
far,41
class,41
table,40
enough,40
done,40
help,40
place,40
wanted,40
office,39
along,39
weve,39
years,39
sight,39
later,39
arm,39
doing,39
second,39
hands,39
side,39
shouted,39
stopped,39
walked,39
weasleys,38
gilderoy,38
dear,38
getting,38
until,38
headless,38
lockharts,38
taking,37
loudly,37
everyone,37
many,37
day,36
vernon,36
else,36
sat,36
wouldnt,36
things,36
spiders,36
nose,36
justin,36
loud,36
caught,36
making,36
always,35
set,35
name,35
outside,35
should,35
team,35
night,35
without,35
dursleys,35
muggle,35
bathroom,35
every,35
yes,35
being,35
anyone,34
youd,34
bit,34
happened,34
past,34
desk,34
able,34
full,34
riddles,34
ask,34
fell,34
began,34
common,34
dudley,34
called,34
hit,33
bludger,33
watching,33
each,33
staring,33
minutes,33
forward,33
across,33
students,33
best,33
id,33
air,33
these,32
kept,32
slytherins,32
feel,32
gone,32
home,32
straight,32
those,31
leave,31
stone,31
saying,31
potion,31
pointed,31
slowly,31
coming,31
corridor,31
draco,31
stared,31
kill,31
hagrids,31
dropped,30
wont,30
lets,30
dyou,30
rest,30
followed,30
havent,30
several,30
hermiones,30
half,30
everything,29
exactly,29
words,29
standing,29
light,29
glasses,29
muttered,29
moving,29
silence,29
yet,29
theyre,29
lucius,29
shut,28
thick,28
ready,28
pomfrey,28
man,28
family,28
heir,28
snake,28
talk,28
hurried,28
fang,28
thinking,28
mind,28
pointing,28
ceiling,27
peeves,27
sitting,27
attack,27
already,27
fawkes,27
times,27
ears,27
ground,27
basilisk,27
neville,27
alone,27
wizards,27
raised,26
top,26
shaking,26
speak,26
today,26
remember,26
whispered,26
together,26
taken,26
theres,26
walls,26
smile,26
believe,26
fire,26
dead,26
moaning,25
please,25
friends,25
quite,25
talking,25
high,25
sort,25
work,25
ernie,25
sound,25
usual,25
died,25
shoulder,25
idea,25
petunia,25
seat,24
threw,24
teachers,24
days,24
lay,24
eye,24
aunt,24
miss,24
er,24
bad,24
flying,24
yelled,24
lot,24
chair,24
closed,24
sprout,24
goyle,24
huge,24
holding,23
show,23
monster,23
stepped,23
between,23
potions,23
entrance,23
cold,23
forest,23
waiting,23
corner,23
five,23
crabbe,23
stairs,23
give,23
wearing,23
muggles,22
covered,22
lost,22
wide,22
four,22
dormitory,22
wrong,22
fifty,22
probably,22
sorting,22
norris,22
sorry,22
hanging,22
youll,22
breath,22
tom,22
either,22
wing,21
above,21
green,21
girl,21
person,21
appeared,21
ah,21
granger,21
noise,21
silver,21
wait,21
move,21
trunk,21
malfoys,21
use,21
myrtles,21
morning,21
ten,21
legs,21
hospital,21
evening,21
lord,21
doesnt,21
matter,21
noticed,21
feeling,21
burst,21
shot,21
added,21
keep,21
empty,21
voldemort,20
fact,20
cauldron,20
flew,20
cloak,20
met,20
having,20
red,20
ter,20
backward,20
hour,20
finished,20
telling,20
deep,20
blood,20
barely,20
since,20
lying,20
shes,20
hold,20
also,20
attacked,20
stomach,19
stay,19
teacher,19
aragog,19
given,19
letter,19
cat,19
close,19
such,19
mum,19
fudge,19
ear,19
word,19
bird,19
meet,19
trouble,19
expelled,19
ago,19
spoke,19
fingers,19
t,19
slightly,18
watch,18
happen,18
father,18
field,18
low,18
werent,18
hello,18
yeah,18
may,18
arthur,18
life,18
late,18
staircase,18
train,18
seized,18
pleased,18
okay,18
itll,18
least,18
try,18
hardly,18
chance,18
running,18
bet,18
point,18
funny,18
watched,18
bright,18
stuff,17
prefect,17
doors,17
deal,17
borgin,17
rather,17
friend,17
below,17
kind,17
giving,17
attacks,17
library,17
itself,17
cage,17
same,17
story,17
instead,17
water,17
free,17
ink,17
white,17
knows,17
witch,17
entered,17
headmaster,17
trees,17
signed,17
arms,17
pair,17
dumbledores,17
teeth,17
dad,17
nervously,17
sign,17
seamus,17
thin,17
am,17
gryffindors,17
alive,17
quietly,17
seem,17
supposed,17
start,17
held,17
maybe,17
page,16
roared,16
famous,16
pushed,16
stand,16
body,16
turning,16
ghost,16
magical,16
realized,16
kitchen,16
points,16
knocked,16
tunnel,16
ginnys,16
managed,16
tower,16
foot,16
gold,16
view,16
dinner,16
wed,16
match,16
hissed,16
brilliant,16
except,16
isnt,16
sent,16
tears,16
dean,16
world,16
snapped,16
heavy,16
bag,16
swept,16
heart,16
shook,16
run,16
carrying,16
waited,16
looks,16
elf,16
themselves,16
ran,16
used,15
ahead,15
goyles,15
eagerly,15
binns,15
shop,15
feast,15
summer,15
christmas,15
heads,15
seconds,15
sudden,15
clearly,15
parchment,15
tiny,15
writing,15
hours,15
passed,15
alley,15
happy,15
yeh,15
shall,15
laugh,15
toilet,15
slid,15
owl,15
windows,15
hope,14
laughing,14
explain,14
speaking,14
buy,14
sit,14
lesson,14
sounded,14
jumped,14
soon,14
seven,14
creevey,14
hidden,14
angry,14
pulling,14
lit,14
fast,14
silent,14
scar,14
job,14
golden,14
whose,14
leaving,14
clicking,14
e,14
completely,14
real,14
steps,14
catch,14
garden,14
wish,14
does,14
whatre,14
student,14
grabbed,14
forgotten,14
pale,14
breakfast,14
ugly,14
charm,14
list,14
arrived,14
surprise,14
middle,14
scene,14
powers,14
petrified,14
bell,14
nobody,14
worry,14
arts,14
corridors,14
ones,14
sword,14
forehead,14
anyway,14
memory,14
quiet,14
big,14
hurry,13
expression,13
broom,13
ministry,13
snapes,13
grinning,13
theyd,13
continued,13
fat,13
faces,13
letters,13
none,13
hot,13
bent,13
quill,13
leapt,13
falling,13
arent,13
furiously,13
difficult,13
myself,13
six,13
beneath,13
pain,13
gray,13
candles,13
pink,13
listening,13
angrily,13
worst,13
break,13
neck,13
hurt,13
note,13
care,13
clear,13
rang,13
slipped,13
sun,13
fixed,13
smiling,13
direction,13
hedwig,13
envelope,13
short,13
bars,13
scarlet,13
listen,13
blue,13
snitch,13
sharply,13
pick,13
darkness,13
son,13
line,13
camera,13
minute,13
thousand,13
dobbys,12
whether,12
wrote,12
reading,12
climbed,12
starting,12
special,12
growing,12
skin,12
broomstick,12
strode,12
mirror,12
particularly,12
needed,12
polyjuice,12
throat,12
holidays,12
solid,12
sank,12
giant,12
hole,12
answer,12
theyll,12
backed,12
perhaps,12
glass,12
practice,12
cover,12
expect,12
fly,12
stall,12
weeks,12
hundred,12
deserted,12
tea,12
return,12
stupid,12
edge,12
enormous,12
led,12
broken,12
kwikspell,12
defense,12
frowning,12
vanished,12
gasped,12
quick,12
walking,12
understand,12
sink,12
near,12
business,12
brought,12
muttering,12
nearer,12
size,12
mad,12
barrier,11
worked,11
approached,11
fangs,11
worried,11
wondering,11
inch,11
hell,11
wife,11
hung,11
parents,11
safe,11
awake,11
mandrakes,11
crossed,11
parseltongue,11
powder,11
sending,11
marble,11
tail,11
happily,11
crabbes,11
boys,11
hufflepuff,11
round,11
wizarding,11
dangerous,11
different,11
aside,11
p,11
party,11
live,11
usually,11
birthday,11
pocket,11
possible,11
bang,11
finally,11
homework,11
excellent,11
follow,11
slugs,11
decided,11
locked,11
moved,11
upstairs,11
happening,11
case,11
whos,11
paused,11
footsteps,11
pipe,11
suppose,11
written,11
witches,11
strange,11
rose,11
term,11
pass,11
killed,11
speed,11
street,11
staff,10
mason,10
subject,10
charms,10
dived,10
odd,10
classes,10
within,10
greatest,10
showing,10
shoes,10
echoing,10
power,10
eight,10
award,10
eat,10
girls,10
kicked,10
smiled,10
meant,10
landing,10
sick,10
plate,10
clutching,10
unable,10
paper,10
visit,10
reason,10
portrait,10
longer,10
trembling,10
somewhere,10
closer,10
tree,10
nodded,10
salazar,10
emerged,10
yer,10
missed,10
spells,10
check,10
turn,10
favorite,10
crack,10
obviously,10
filchs,10
brightly,10
knees,10
passage,10
spot,10
bought,10
wake,10
flung,10
third,10
cupboard,10
write,10
explained,10
fear,10
overhead,10
wildly,10
flint,10
glittering,10
oliver,10
halfway,10
weakly,10
hedge,10
dull,10
broke,10
gnomes,10
picture,10
important,10
ravenclaw,10
waving,10
walk,10
tightly,10
halloween,10
forced,10
picked,10
crash,10
hastily,10
gleaming,10
spider,10
shining,10
invisibility,10
hasnt,10
shock,10
worse,10
rooster,10
imagine,10
dungeon,10
secret,10
sideways,10
landed,9
present,9
joined,9
dangling,9
surprised,9
losing,9
wet,9
extremely,9
hurrying,9
touch,9
swung,9
muggleborns,9
bedroom,9
laughed,9
fine,9
shouting,9
drew,9
thinks,9
stare,9
reach,9
elbow,9
twisted,9
careful,9
gringotts,9
damp,9
anymore,9
desperately,9
twelve,9
pixies,9
cabinet,9
immediately,9
horror,9
certainly,9
rain,9
excited,9
grounds,9
herbology,9
others,9
creature,9
headed,9
snap,9
carefully,9
history,9
wondered,9
tonight,9
sky,9
burned,9
spotted,9
became,9
possibly,9
feathers,9
hollow,9
twenty,9
save,9
c,9
nine,9
heavily,9
questions,9
closely,9
shed,9
bones,9
known,9
patch,9
bottle,9
training,9
surely,9
transfiguration,9
calmly,9
call,9
question,9
voices,9
floo,9
dueling,9
foul,9
shoulders,9
flitwick,9
cut,9
sweeping,9
clapped,9
mudbloods,9
louder,9
nice,9
early,9
glancing,9
pages,9
fit,9
dreadful,9
message,9
azkaban,9
lip,9
fathers,9
true,9
laughter,9
smell,9
means,9
smoke,9
muggleborn,9
scream,8
throwing,8
hungry,8
pudding,8
mustve,8
luck,8
aloud,8
pictures,8
softly,8
month,8
horrible,8
opposite,8
mandrake,8
nimbus,8
crying,8
welcome,8
glanced,8
stunned,8
add,8
apart,8
dads,8
rolled,8
learned,8
powerful,8
afternoon,8
millicent,8
excitedly,8
argus,8
stadium,8
classroom,8
nervous,8
popping,8
dry,8
exams,8
disappeared,8
ha,8
setting,8
wants,8
inches,8
finnigan,8
sped,8
earth,8
upset,8
throw,8
permission,8
control,8
definitely,8
mother,8
nasty,8
sharp,8
v,8
fresh,8
cheerful,8
visible,8
distant,8
hiding,8
finchfletchley,8
chairs,8
whatever,8
lowered,8
leaves,8
smashed,8
terror,8
crowded,8
stretched,8
ankles,8
gently,8
order,8
color,8
young,8
week,8
slumped,8
dancing,8
scared,8
dashed,8
danger,8
die,8
loose,8
pincers,8
coldly,8
terrible,8
higher,8
knock,8
packed,8
curse,8
ends,8
phoenix,8
cleared,8
pipes,8
club,8
hitting,8
mud,8
finger,8
shocked,8
step,8
board,8
fourposter,8
whisper,8
seeker,8
wands,8
game,8
knocking,8
sock,8
drop,8
longbottom,8
snakes,8
says,8
simple,8
rules,8
tired,8
number,8
gigantic,8
creatures,8
shadow,8
2,8
closing,8
narrow,8
harder,7
nearest,7
ing,7
dozen,7
remembered,7
halt,7
urgently,7
shame,7
yourself,7
perfect,7
greenhouse,7
peered,7
hopefully,7
everywhere,7
copy,7
rooms,7
chest,7
puzzled,7
snarled,7
stars,7
tense,7
breathed,7
using,7
tomorrow,7
neither,7
burning,7
photos,7
repeated,7
saved,7
thanks,7
knockturn,7
clouds,7
brooms,7
serpents,7
beamed,7
bin,7
m,7
mention,7
spoken,7
thud,7
spent,7
panting,7
nodding,7
cmon,7
couldve,7
wooden,7
worth,7
nor,7
normal,7
forbidden,7
serpent,7
shone,7
food,7
n,7
privet,7
dropping,7
doubt,7
dimly,7
grass,7
straightened,7
passageway,7
whomping,7
upward,7
loads,7
glad,7
split,7
keeping,7
beaming,7
path,7
master,7
anxiously,7
windshield,7
death,7
purple,7
wishing,7
mantelpiece,7
smoothly,7
dirty,7
treacle,7
miserably,7
everyones,7
gazing,7
seats,7
wheel,7
pillowcase,7
wings,7
cup,7
ghosts,7
seems,7
wonder,7
howled,7
soft,7
double,7
drive,7
escape,7
poor,7
wizardry,7
houseelf,7
invisible,7
governors,7
flames,7
stopping,7
oclock,7
lived,7
floating,7
winking,7
thank,7
dippet,7
further,7
single,7
months,7
force,7
squinting,7
mcgonagalls,7
understood,7
express,7
clean,7
part,7
fault,7
finish,7
breathing,7
willow,7
1,7
breaking,7
thrown,7
fiercely,7
sounds,7
lifted,7
thomas,7
downstairs,7
ancient,7
brown,7
join,7
glance,7
unless,7
carry,7
cried,7
easy,7
sleep,7
cabin,7
fan,7
grabbing,7
prove,7
hearing,7
slime,7
roof,7
sneered,7
play,7
busy,7
tone,7
pretending,7
striding,7
shrieked,7
interested,7
wonderful,7
engine,7
pitch,7
plates,7
choked,7
branches,7
slammed,7
dungeons,7
eating,7
glaring,7
handed,7
swooped,7
youknowwho,7
showed,7
midair,7
filled,6
bench,6
impatiently,6
among,6
begun,6
stammered,6
hairy,6
extra,6
counter,6
severus,6
prodding,6
tray,6
act,6
password,6
helping,6
somehow,6
owls,6
shouldnt,6
rid,6
beating,6
perfectly,6
abruptly,6
asking,6
certain,6
serious,6
whipped,6
carved,6
sleeping,6
whoever,6
yard,6
shooting,6
shout,6
opening,6
yellow,6
woke,6
beds,6
cast,6
news,6
broomsticks,6
ordinary,6
strangely,6
spell,6
rat,6
jug,6
ignored,6
canceled,6
love,6
lawn,6
doorway,6
hissing,6
boring,6
marched,6
statue,6
badge,6
mood,6
suspicious,6
percys,6
howler,6
beak,6
burrow,6
fascinating,6
echoed,6
mine,6
dance,6
ended,6
load,6
keeps,6
ribs,6
plants,6
hundreds,6
warned,6
hoped,6
croaked,6
fun,6
sighed,6
warm,6
playing,6
ducked,6
realize,6
notice,6
leaned,6
potters,6
bottom,6
london,6
during,6
forever,6
catching,6
o,6
eh,6
lake,6
trunks,6
stiff,6
hunt,6
deeply,6
somebody,6
sons,6
makes,6
following,6
ignoring,6
excitement,6
section,6
singing,6
circular,6
squealed,6
grab,6
oak,6
curious,6
teach,6
joke,6
wiping,6
anger,6
anxious,6
hh,6
till,6
dwarf,6
smirking,6
blinked,6
ripped,6
spread,6
jump,6
culprit,6
vanishing,6
detention,6
exchanged,6
sinking,6
attention,6
shell,6
decent,6
road,6
squib,6
grimly,6
fall,6
waved,6
dressed,6
obvious,6
clue,6
silently,6
pillars,6
schedule,6
albus,6
bill,6
changing,6
deathday,6
shivering,6
gasp,6
itd,6
earmuffs,6
agreed,6
weird,6
born,6
slide,6
warning,6
sprinted,6
pack,6
calm,6
lower,6
porridge,6
allowed,6
spinning,6
wanting,6
lead,6
knowing,6
discovered,6
pile,6
pressing,6
change,6
putting,6
deadly,6
errol,6
attacking,6
eleven,6
dining,6
familiar,6
eyebrows,6
monsters,6
hooch,6
asleep,6
believed,6
bounced,6
alongside,6
working,6
fury,6
frantically,6
leaning,6
gripping,6
killing,6
clicked,6
closet,6
goodbye,6
clever,6
sister,6
steering,6
meaning,6
stuffed,6
mudblood,6
balls,6
bowl,6
wound,6
grinned,6
curiously,6
seeing,6
massive,6
lee,6
weight,6
changed,6
amazed,6
effect,6
growled,6
brain,6
cakes,6
tear,6
prophet,6
bellowed,6
hedwigs,6
pull,6
biting,5
facetoface,5
sneaking,5
dung,5
briskly,5
sense,5
crazy,5
suspended,5
escaped,5
turquoise,5
froze,5
unusual,5
unlocked,5
someones,5
limp,5
rustling,5
furious,5
disappear,5
orphanage,5
promise,5
orange,5
vaguely,5
facing,5
soot,5
dormitories,5
alicia,5
firmly,5
form,5
determined,5
pajamas,5
slimy,5
daring,5
honestly,5
couple,5
valentine,5
choice,5
station,5
disappointed,5
fourth,5
houses,5
gazed,5
report,5
hovering,5
innocent,5
cutting,5
pince,5
dunno,5
juice,5
candlelight,5
jordan,5
witchcraft,5
snatched,5
cautiously,5
awful,5
tongue,5
spreading,5
suit,5
greenish,5
handing,5
swallowed,5
gamekeeper,5
cream,5
stretch,5
attacker,5
molly,5
bringing,5
horn,5
become,5
human,5
punishment,5
ghouls,5
relief,5
faint,5
underground,5
lives,5
harm,5
woman,5
instant,5
blow,5
gulped,5
poking,5
cracked,5
amazing,5
disgusting,5
sunlight,5
minds,5
threatening,5
dashboard,5
drawer,5
slip,5
vampires,5
bending,5
remained,5
liked,5
staying,5
clock,5
vernons,5
indeed,5
ragged,5
useful,5
moonlight,5
figure,5
roll,5
slug,5
emerging,5
bowed,5
basin,5
admit,5
bags,5
wave,5
goodness,5
listened,5
gnome,5
apparently,5
deeper,5
goal,5
eggs,5
cars,5
cloud,5
examine,5
fireworks,5
thoughtfully,5
suspiciously,5
flicked,5
accidentally,5
movement,5
banshee,5
support,5
dragged,5
beyond,5
music,5
bedside,5
hufflepuffs,5
feeble,5
trace,5
insides,5
rage,5
edged,5
crashed,5
pure,5
private,5
wrenched,5
twice,5
grown,5
sometimes,5
prefects,5
journey,5
banging,5
avoid,5
shake,5
flight,5
posts,5
anywhere,5
madly,5
entire,5
box,5
blame,5
cards,5
memories,5
patting,5
chocolate,5
wheeled,5
scratched,5
fists,5
dragon,5
simply,5
works,5
ghoul,5
applause,5
woken,5
send,5
plan,5
dream,5
drove,5
fight,5
missing,5
vast,5
pouring,5
crooked,5
nearby,5
shelf,5
safely,5
macmillan,5
corners,5
satisfied,5
stuffing,5
diagon,5
clenched,5
upon,5
twirling,5
bacon,5
dare,5
guilty,5
spiral,5
wore,5
groaned,5
hoping,5
voyages,5
wild,5
uncertainly,5
final,5
yesterday,5
muffled,5
exist,5
sweaty,5
voldemorts,5
roots,5
underneath,5
remaining,5
twisting,5
shadows,5
filibuster,5
trophy,5
hannah,5
sleeve,5
fer,5
village,5
beard,5
toast,5
services,5
gift,5
fist,5
werewolf,5
marching,5
blotts,5
tip,5
broadly,5
whod,5
underage,5
drenched,5
interesting,5
somewhat,5
bound,5
easily,5
darkly,5
returned,5
platform,5
contents,5
faintly,5
pumpkin,5
steam,5
brother,5
daily,5
rock,5
slight,5
snow,5
survived,5
blazing,5
curtains,5
plenty,5
stage,5
patrick,5
muddy,5
subjects,5
wished,5
whom,5
socks,5
panic,5
enjoyed,5
reminded,5
grin,5
greenhouses,5
row,5
reckon,5
distance,5
won,5
flashing,5
swiftly,5
legend,5
swinging,5
tables,5
bulstrode,5
less,5
pureblood,5
countless,5
expel,5
raising,5
seriously,5
living,5
tripping,4
noticing,4
often,4
flaming,4
exploded,4
flowers,4
don,4
grow,4
chickens,4
pause,4
lips,4
jerked,4
exam,4
sandwiches,4
lunch,4
grateful,4
explaining,4
mustnt,4
entirely,4
fluffy,4
temper,4
becoming,4
squashed,4
petunias,4
dying,4
sea,4
whys,4
trolls,4
greeted,4
selling,4
faced,4
narrowly,4
bulging,4
tapped,4
curly,4
struck,4
unpleasantly,4
stuck,4
keen,4
grunted,4
daughter,4
inquiry,4
drawing,4
grew,4
lopsided,4
leading,4
yelling,4
sounding,4
shelves,4
minerva,4
wasting,4
steady,4
sneer,4
lessons,4
openmouthed,4
lock,4
kings,4
rope,4
launched,4
lunged,4
shapes,4
everybody,4
erupted,4
filthy,4
aching,4
basilisks,4
rude,4
rods,4
counting,4
bring,4
passing,4
desperate,4
dog,4
sealed,4
smirked,4
enjoying,4
headmasters,4
eyeing,4
oven,4
terrified,4
bat,4
checking,4
enchanted,4
properly,4
horribly,4
curled,4
rush,4
actually,4
orchestra,4
display,4
spat,4
wouldve,4
bear,4
barked,4
moaned,4
pounding,4
taste,4
megaphone,4
future,4
handle,4
starving,4
blankly,4
hint,4
assured,4
interrupted,4
avoided,4
narrowed,4
sneak,4
pinned,4
chances,4
mouths,4
mess,4
lucky,4
waste,4
needs,4
blank,4
dress,4
flowerpot,4
spectacles,4
sweater,4
pillows,4
bigger,4
acting,4
trolley,4
otherwise,4
bald,4
hoarsely,4
vegetable,4
impression,4
pan,4
september,4
dizzy,4
aware,4
clothes,4
flooding,4
gentlemen,4
valuable,4
spitting,4
gathered,4
scrambled,4
carried,4
lined,4
twinkling,4
trust,4
meeting,4
creaking,4
slope,4
raise,4
chill,4
moste,4
clearing,4
gets,4
gaped,4
tearing,4
stiffly,4
cornelius,4
mustache,4
flourish,4
tight,4
teapot,4
sentence,4
sobs,4
bludgers,4
hid,4
avoiding,4
bow,4
sprang,4
sides,4
player,4
sternly,4
fed,4
self,4
roar,4
whistling,4
headlights,4
grangers,4
truth,4
motionless,4
yawning,4
ashes,4
laid,4
gulp,4
sorcerer,4
envelopes,4
parted,4
rogue,4
fried,4
hoarse,4
daresay,4
fighting,4
perched,4
georges,4
series,4
seizing,4
mark,4
patricks,4
charlie,4
shrinking,4
guard,4
fears,4
fellow,4
lurking,4
egg,4
date,4
strong,4
treated,4
glinting,4
pot,4
sloping,4
dursley,4
creeping,4
y,4
age,4
sweat,4
language,4
teams,4
revive,4
reply,4
hates,4
flat,4
click,4
tall,4
bearing,4
bits,4
endless,4
hesitated,4
helped,4
piece,4
plunged,4
shifting,4
tucked,4
cleaning,4
fingernails,4
dawn,4
unbelievable,4
stands,4
hang,4
rumors,4
whirl,4
saturday,4
searching,4
parked,4
kettle,4
rigid,4
gadding,4
forgot,4
torches,4
cannot,4
blasted,4
compost,4
lie,4
answering,4
panted,4
clatter,4
bend,4
swelled,4
fireplace,4
numb,4
mistake,4
picking,4
warlock,4
examining,4
handsome,4
mothers,4
goes,4
boarhound,4
travels,4
crashing,4
potente,4
woods,4
nicks,4
folded,4
accompanied,4
restricted,4
dwarfs,4
card,4
manor,4
gap,4
vacation,4
regain,4
hero,4
ages,4
misty,4
state,4
loomed,4
infirmary,4
banged,4
therefore,4
taught,4
rumbling,4
steaming,4
locker,4
chuck,4
peering,4
hairs,4
key,4
traveled,4
distinctly,4
werewolves,4
parselmouth,4
sticking,4
sooner,4
brass,4
unpleasant,4
spare,4
crackling,4
shade,4
tricky,4
meanwhile,4
fur,4
cheeks,4
photographs,4
frying,4
breathlessly,4
sadly,4
jerking,4
bush,4
4,4
draw,4
faded,4
beat,4
cross,4
planning,4
placed,4
flown,4
drink,4
nonsense,4
center,4
darker,4
theyve,4
doin,4
quivering,4
stack,4
information,4
piercing,4
booked,4
lap,4
wash,4
miles,4
pairs,4
bank,4
ridiculous,4
triumphant,4
backing,4
ladies,4
squinted,4
defeat,4
beetle,4
stayed,4
families,4
whistle,4
awkwardly,4
lightning,4
ingredients,4
complete,4
unfortunately,4
wider,4
cursed,4
rubbish,4
telephone,4
patched,4
cool,4
s,4
bewitched,4
pumpkins,4
hewhomustnotbenamed,4
poisonous,4
connected,3
photograph,3
hoochs,3
surrounded,3
drip,3
servant,3
7,3
drowsy,3
wiped,3
evil,3
circumstances,3
jumping,3
balaclava,3
guiltily,3
l,3
oily,3
gotta,3
pride,3
drowned,3
masons,3
bewildered,3
highly,3
plump,3
yeti,3
mug,3
crumpled,3
crime,3
righ,3
crossbow,3
shabby,3
disembodied,3
oooh,3
rich,3
livid,3
requirements,3
swarming,3
flower,3
settled,3
men,3
thunder,3
feverishly,3
lamp,3
moon,3
glistening,3
vivid,3
shuffling,3
ripping,3
pillow,3
dusty,3
autobiography,3
polishing,3
firelight,3
3,3
lazily,3
taps,3
considered,3
wandered,3
squibs,3
gargoyle,3
offense,3
fantastic,3
assistant,3
feeding,3
cheering,3
rubbed,3
stumbled,3
stepping,3
blaze,3
icy,3
screech,3
reluctantly,3
immensely,3
answered,3
belong,3
bounded,3
frantic,3
streaking,3
fortunately,3
shrugged,3
fallen,3
scabbers,3
lied,3
gliding,3
lousy,3
pleasure,3
shield,3
beady,3
throbbing,3
hush,3
sobbed,3
subdued,3
wandering,3
pots,3
remain,3
suggest,3
minister,3
twigs,3
halfmoon,3
ignore,3
dingy,3
knuckles,3
0,3
grade,3
guilt,3
apply,3
difficulty,3
screamed,3
enthusiastically,3
desks,3
tapping,3
draught,3
level,3
breeze,3
inclined,3
failed,3
soup,3
arrive,3
velvet,3
jaw,3
brave,3
deaf,3
rounded,3
money,3
fabulous,3
upper,3
shaken,3
attic,3
recipe,3
slithering,3
gritted,3
buying,3
protection,3
program,3
valentines,3
toad,3
exasperated,3
blackboard,3
cheese,3
leg,3
spit,3
scrubbing,3
beware,3
frozen,3
domed,3
helpings,3
galleons,3
amazement,3
study,3
limply,3
roosters,3
whipping,3
merely,3
transparent,3
rumble,3
count,3
unexpected,3
blurred,3
group,3
misuse,3
squeal,3
shrill,3
enemies,3
evidence,3
snort,3
umbrella,3
spellbooks,3
sizzling,3
cause,3
bothering,3
draft,3
messages,3
treat,3
height,3
squeezing,3
dread,3
aged,3
thrust,3
yours,3
soared,3
blundered,3
lines,3
uncomfortable,3
clutched,3
gettin,3
amusing,3
haze,3
vault,3
blackness,3
angelina,3
backfired,3
streaming,3
deepest,3
copies,3
feasts,3
cloaks,3
plant,3
complicated,3
skelegro,3
swelling,3
whenever,3
brush,3
extraordinary,3
suggested,3
sniggering,3
disbelief,3
lacewings,3
ice,3
touched,3
distracted,3
shadowy,3
hide,3
fought,3
rip,3
shimmering,3
murderous,3
hopeful,3
interest,3
victim,3
stirring,3
punish,3
clamped,3
outta,3
serve,3
scuttled,3
stronger,3
stretching,3
coats,3
rusty,3
undertone,3
signs,3
confused,3
gerroff,3
expelliarmus,3
hearty,3
loved,3
trembled,3
chattering,3
excuse,3
toe,3
pelting,3
whip,3
gloomy,3
disturbed,3
polished,3
boomslang,3
h,3
soggy,3
pinch,3
shrieking,3
yourselves,3
brandishing,3
outline,3
painful,3
masters,3
beckoned,3
neat,3
dashing,3
doubled,3
pearly,3
sunset,3
enjoy,3
studying,3
remove,3
rapidly,3
facts,3
spend,3
houseelfs,3
frothed,3
slipping,3
washed,3
focus,3
nastily,3
mumbled,3
convinced,3
fulfill,3
warn,3
slouched,3
retorted,3
soaking,3
tipping,3
lengths,3
waking,3
mortal,3
thundering,3
publicity,3
edges,3
wardrobe,3
screaming,3
darted,3
thoroughly,3
aghast,3
birds,3
dodgy,3
flailing,3
miserable,3
manner,3
stupidly,3
mail,3
faintest,3
presents,3
problem,3
framed,3
upside,3
secondhand,3
difference,3
identical,3
respect,3
sleeves,3
incredulously,3
gleam,3
sacked,3
players,3
ford,3
charmingsmile,3
papers,3
hows,3
appear,3
nostrils,3
anglia,3
shredded,3
played,3
automatically,3
glowing,3
choose,3
weeklys,3
useless,3
built,3
racing,3
needing,3
concealed,3
pitiful,3
quarter,3
enter,3
herself,3
friendly,3
activity,3
concern,3
removed,3
bracket,3
bitterly,3
therell,3
facedown,3
w,3
painfully,3
cowering,3
distract,3
noises,3
thundered,3
wednesday,3
confidence,3
league,3
whirled,3
musical,3
fours,3
ministrys,3
sixteen,3
spun,3
firework,3
ourselves,3
dragging,3
knot,3
squeezed,3
damage,3
thirty,3
jet,3
clipping,3
sneering,3
impossible,3
tap,3
friday,3
ruined,3
details,3
paid,3
metal,3
justins,3
soul,3
advice,3
occasionally,3
aim,3
rr,3
sneaked,3
department,3
poison,3
recognized,3
chains,3
gripped,3
torch,3
piped,3
veins,3
clattering,3
cheerfully,3
climbing,3
heaved,3
piping,3
disarm,3
amount,3
extinguished,3
asks,3
sold,3
poured,3
harry,3
position,3
elfs,3
peoples,3
glimpse,3
pushing,3
beside,3
showering,3
feared,3
frog,3
highpitched,3
dramatically,3
ideas,3
rotten,3
steadily,3
tinny,3
jetblack,3
mopped,3
wheres,3
leeches,3
autograph,3
cure,3
greatness,3
ash,3
notes,3
solution,3
bookshelves,3
lounge,3
dracos,3
chicken,3
armor,3
chandelier,3
scuttling,3
murmured,3
song,3
idve,3
spite,3
irritably,3
twins,3
dodging,3
speech,3
matters,3
cheek,3
heartily,3
scramble,3
duty,3
heave,3
shortly,3
scowl,3
dipper,3
strutting,3
glow,3
hatred,3
checked,3
mostly,3
woolly,3
un,3
vibrating,3
venom,3
withered,3
introduce,3
artifacts,3
expanded,3
fully,3
howling,3
weapon,3
unlike,3
inform,3
wrist,3
instantly,3
mentioned,3
rubbing,3
screwed,3
owned,3
rotter,3
polish,3
opinion,3
jealous,3
portraits,3
longbottoms,3
agree,3
wandlight,3
web,3
i,3
boots,3
shiny,3
squint,3
believing,3
career,3
company,3
shudder,3
standard,3
tracks,3
slightest,3
older,3
fatal,3
astonishment,3
rubeus,3
solved,3
disgust,3
letting,3
said,3
wavy,3
forcefully,3
winding,3
courtyard,3
tugging,3
cheers,3
lately,3
coursing,3
post,3
kindly,3
taller,3
basket,3
bulstrodes,3
branch,3
fish,3
nevilles,3
nobodys,3
pimply,3
repeat,3
darkened,3
tie,3
push,3
jabbing,3
shifted,3
although,3
givin,3
credit,3
gasping,3
shuddering,3
drawn,3
exploding,3
rocks,3
button,3
improved,3
tryin,3
guessed,3
calling,3
sizes,3
freds,3
luggage,3
happier,3
lasted,3
hurriedly,3
oil,3
truly,3
afterward,3
foolish,3
statues,3
pillar,3
dully,3
politely,3
glossy,3
lilac,3
signal,3
shrilly,3
curtain,3
boiling,3
tank,3
pay,3
brains,3
arry,3
blushing,3
causing,3
punished,3
june,3
cake,3
blocked,3
backs,3
mist,3
sweating,3
coughed,3
uhoh,3
expected,3
offering,3
decision,3
fourteen,3
owing,3
poke,3
manage,3
law,3
turns,3
trolleys,3
reported,3
poltergeist,3
pleasantly,3
precisely,3
address,3
urgent,3
raids,3
likely,3
treading,3
suspicion,3
swing,3
soaring,3
gloom,3
midnight,3
widening,3
traveling,2
travel,2
trail,2
television,2
received,2
oddly,2
drain,2
threequarters,2
bone,2
conversation,2
operation,2
defeated,2
tle,2
lords,2
huddled,2
spending,2
blazed,2
slow,2
dishes,2
cannons,2
51,2
film,2
dive,2
fletchley,2
blotting,2
splattered,2
clunk,2
wink,2
heap,2
harmony,2
peanuts,2
subsided,2
bristles,2
diversion,2
stuttered,2
mountain,2
tore,2
circle,2
earlier,2
violets,2
katie,2
dripping,2
emitting,2
phantom,2
october,2
schools,2
apologize,2
strangers,2
scrubbed,2
magnificent,2
beaten,2
x,2
cell,2
shuffled,2
moments,2
occurred,2
understanding,2
fond,2
scurrying,2
separated,2
handles,2
mend,2
borrowed,2
stalls,2
tastes,2
exposed,2
length,2
drawled,2
il,2
yelp,2
somersault,2
tangle,2
progress,2
peer,2
scales,2
finch,2
colleagues,2
incredible,2
clenching,2
haunts,2
straw,2
drinking,2
chasers,2
chin,2
wouldn,2
filth,2
compartment,2
tidal,2
puddle,2
g,2
jaunty,2
insisting,2
thatd,2
unconscious,2
squat,2
30,2
locking,2
flapped,2
screams,2
replaced,2
shape,2
unconvinced,2
scanned,2
instructions,2
threaten,2
drank,2
com,2
degnome,2
previous,2
spilled,2
crowing,2
collecting,2
yawned,2
he,2
sensible,2
partner,2
egging,2
toes,2
kicking,2
fretfully,2
sang,2
dies,2
stonecold,2
mass,2
midnightblue,2
duel,2
medicine,2
records,2
screeched,2
toothy,2
addressed,2
lashing,2
bodies,2
prod,2
wagga,2
bicorn,2
re,2
newspaper,2
normally,2
widely,2
scraping,2
armchair,2
admitted,2
headmistresses,2
crouching,2
popular,2
razorsharp,2
sulky,2
pearlywhite,2
overexcited,2
goggling,2
bless,2
ways,2
lovely,2
pummeling,2
jus,2
hundredth,2
modest,2
catlike,2
exercise,2
swirling,2
mysteriously,2
sources,2
riskier,2
afraid,2
community,2
slapping,2
passages,2
press,2
visitors,2
adding,2
flushed,2
fiithy,2
depressing,2
allow,2
hardest,2
pickled,2
hufepuffs,2
leering,2
almighty,2
suspend,2
tin,2
blond,2
visited,2
splinters,2
ambition,2
eyed,2
fruitcake,2
junk,2
park,2
splutter,2
recently,2
gloomily,2
lump,2
alleyway,2
girlfriend,2
squashy,2
tufty,2
urgh,2
practiced,2
horizon,2
piling,2
remotely,2
vague,2
main,2
sorted,2
disappointment,2
handy,2
phoenixes,2
clearwater,2
wow,2
teaching,2
remarks,2
laundry,2
bubbling,2
imploringly,2
ideal,2
outraged,2
glare,2
swig,2
keenly,2
action,2
melted,2
whirring,2
flush,2
sunshine,2
hilt,2
maniac,2
guide,2
teaches,2
burnt,2
confusion,2
freezer,2
bloke,2
knee,2
sprinting,2
example,2
flurry,2
ludicrous,2
tasted,2
snoozing,2
photographer,2
reappeared,2
surface,2
faithful,2
casting,2
moan,2
brainless,2
lists,2
dish,2
persuaded,2
rescue,2
resembled,2
straining,2
tale,2
lodged,2
"",2
daubed,2
utterly,2
violently,2
fires,2
propped,2
relieved,2
morosely,2
broadened,2
challenged,2
longingly,2
according,2
clutches,2
sugared,2
eased,2
younger,2
object,2
tartan,2
comes,2
pests,2
building,2
banished,2
splashed,2
alarm,2
smallest,2
fifteen,2
nightdress,2
instruments,2
personally,2
rate,2
hiccoughing,2
questioning,2
blanched,2
bowler,2
mystery,2
claws,2
destroyed,2
sixth,2
mayhem,2
thudded,2
k,2
_,2
shy,2
mile,2
unfair,2
wailing,2
bare,2
pruning,2
shopping,2
heading,2
model,2
raided,2
61,2
issuing,2
urged,2
irritable,2
keeled,2
lasting,2
ow,2
unlocking,2
slyly,2
pretend,2
shaggy,2
stair,2
compass,2
puffs,2
jolt,2
warmth,2
sad,2
sausages,2
dribbled,2
fervently,2
pressure,2
jeering,2
craning,2
gather,2
angle,2
struggling,2
lunging,2
crosseyed,2
nonmagical,2
circles,2
repellent,2
occasions,2
phrase,2
signature,2
patches,2
focused,2
elses,2
suffered,2
blunt,2
partners,2
result,2
mysterious,2
gathering,2
pretended,2
package,2
restorative,2
ride,2
thursday,2
courage,2
todays,2
decide,2
carpet,2
fields,2
fright,2
bangs,2
yanked,2
headfirst,2
arrested,2
unnaturally,2
golfer,2
floated,2
mouthful,2
pm,2
icecold,2
thinned,2
strangled,2
edging,2
eyeballs,2
wearily,2
whitefaced,2
sprayed,2
toilets,2
honest,2
hate,2
healing,2
plotting,2
flicking,2
forming,2
importantly,2
trick,2
ruddy,2
vaults,2
learning,2
grumbling,2
dipped,2
yell,2
circling,2
brazil,2
reverse,2
crossing,2
dust,2
chipped,2
promptly,2
glint,2
beginners,2
gaunt,2
thumping,2
casually,2
sliding,2
wherever,2
anybody,2
straightening,2
celebrity,2
bated,2
joking,2
boa,2
victims,2
shift,2
copper,2
wishes,2
routine,2
reddening,2
afternoons,2
tones,2
original,2
pour,2
whispering,2
bandon,2
belching,2
grievously,2
earsplitting,2
carelessly,2
cunning,2
pathetic,2
goblet,2
frightening,2
target,2
ashamed,2
goblin,2
conjured,2
broad,2
de,2
frightened,2
constrictor,2
drills,2
booster,2
whining,2
captain,2
booming,2
prepare,2
explosions,2
sickles,2
clubs,2
plumed,2
uncomfortably,2
grip,2
wheezing,2
matches,2
lolled,2
illegal,2
sell,2
chudley,2
gruffly,2
leaky,2
crunch,2
sleepy,2
19,2
fetch,2
crimson,2
brandished,2
record,2
animal,2
finding,2
wwhat,2
untidily,2
buried,2
beg,2
gleefully,2
capture,2
jadegreen,2
confession,2
remind,2
nonmagic,2
proper,2
legends,2
bubbled,2
wander,2
restriction,2
55,2
wreck,2
iron,2
stupor,2
dim,2
adrian,2
lurid,2
games,2
snapping,2
proud,2
bolt,2
fierce,2
drawers,2
bedspread,2
hill,2
shops,2
reasonably,2
whacking,2
bobbing,2
mounting,2
brothers,2
flights,2
glided,2
immobile,2
colins,2
rattle,2
ball,2
spectacular,2
knowingly,2
flood,2
revved,2
apprehensively,2
disliked,2
shins,2
wanderings,2
regret,2
d,2
zoomed,2
firm,2
comment,2
king,2
arriving,2
hungrier,2
belt,2
paces,2
upright,2
emitted,2
mousyhaired,2
flichs,2
partly,2
unfortunate,2
bread,2
charge,2
thumbsup,2
flies,2
necessary,2
filling,2
stonyfaced,2
lumos,2
fitted,2
drifted,2
hurtled,2
wafting,2
weak,2
announcing,2
fifth,2
horrorstruck,2
nothin,2
shh,2
bother,2
meddlesome,2
silhouetted,2
slits,2
troubled,2
stole,2
bored,2
sniffed,2
sucked,2
items,2
glove,2
guards,2
wrestling,2
escort,2
crouched,2
paint,2
gateway,2
relish,2
eerie,2
glassy,2
severe,2
retrieved,2
supper,2
rattled,2
seated,2
grave,2
halfplucked,2
swore,2
plot,2
emerald,2
thrill,2
halfblood,2
exhausted,2
stifled,2
pitchdark,2
rolling,2
cruel,2
spellotaped,2
knight,2
injured,2
overheard,2
oozing,2
receive,2
keys,2
parties,2
deciding,2
tease,2
grasp,2
busied,2
burkes,2
dip,2
repotting,2
venomous,2
cushion,2
block,2
due,2
bulbous,2
offend,2
flinging,2
scribble,2
rubber,2
familys,2
lettering,2
lend,2
country,2
flickered,2
fascinated,2
caretaker,2
founders,2
disgusted,2
suspect,2
rubies,2
bushy,2
decree,2
hushed,2
monstrous,2
olive,2
zoo,2
greasy,2
hotly,2
bodiless,2
binnss,2
milky,2
argument,2
skinny,2
puts,2
win,2
unusually,2
hopeless,2
resigned,2
haggis,2
utter,2
roam,2
farewell,2
bomb,2
cabbages,2
liking,2
included,2
accelerator,2
bleeding,2
dazed,2
bothered,2
sunny,2
precise,2
cares,2
separate,2
fortysix,2
ajar,2
talked,2
arrows,2
spy,2
curling,2
square,2
nails,2
adventure,2
peony,2
santa,2
bandages,2
effectively,2
nevertheless,2
whimpering,2
smooth,2
gurgling,2
coast,2
intended,2
salamander,2
stranger,2
blimey,2
babble,2
114,2
theory,2
thatll,2
urge,2
engraved,2
cloudy,2
bruised,2
wiser,2
hags,2
punched,2
tut,2
merrily,2
places,2
announcement,2
cus,2
hearts,2
directed,2
sunk,2
tensely,2
wailed,2
windowsill,2
delivery,2
ordered,2
fuming,2
searing,2
canopy,2
gleamed,2
sixty,2
restored,2
governor,2
watery,2
141,2
glinted,2
243,2
nerve,2
bewitching,2
storm,2
magically,2
blossoming,2
cry,2
fail,2
somber,2
downward,2
fortunate,2
ma,2
perch,2
egypt,2
deserved,2
awfully,2
merlin,2
winner,2
scribbled,2
flatfooted,2
lurching,2
sweet,2
dyeh,2
rapt,2
tips,2
shower,2
blowing,2
deliver,2
stacked,2
pressed,2
exciting,2
whatve,2
glowed,2
attracted,2
behavior,2
lowslung,2
forests,2
sleek,2
tug,2
indignantly,2
pouchy,2
oy,2
stormed,2
fool,2
fiiled,2
fluxweed,2
directions,2
ers,2
delivered,2
equally,2
rear,2
plum,2
rein,2
tragic,2
warlocks,2
errols,2
surprisingly,2
stealing,2
chuckled,2
sensation,2
gloop,2
lifetime,2
risks,2
hairpin,2
steered,2
paying,2
trifle,2
hiss,2
grasped,2
hood,2
didn,2
blot,2
scrawled,2
concerned,2
arrest,2
specially,2
proudly,2
sessions,2
majorca,2
noisy,2
members,2
nightmare,2
bloodstained,2
lookin,2
bottles,2
spotting,2
store,2
intending,2
goblets,2
veronica,2
jerk,2
luckily,2
bony,2
bats,2
bull,2
checks,2
experience,2
blankets,2
suspension,2
annoyingly,2
furry,2
murdered,2
scribbling,2
agony,2
constantly,2
loves,2
gives,2
twiddled,2
sets,2
arrival,2
armchairs,2
flapping,2
enchant,2
houseelves,2
faltered,2
toffees,2
thickly,2
baby,2
lungs,2
outstretched,2
precious,2
stores,2
land,2
j,2
milk,2
burp,2
boos,2
stir,2
loophole,2
rushing,2
quavering,2
fate,2
chose,2
argue,2
dabbing,2
blinding,2
schoolmates,2
wails,2
ambled,2
staggering,2
seize,2
beaters,2
released,2
stomachache,2
speeding,2
horrified,2
rumor,2
lawns,2
lunchtime,2
sputtered,2
smouldering,2
including,2
escorted,2
squeak,2
penelope,2
mop,2
goggled,2
planned,2
fled,2
remains,2
accident,2
likenesses,2
honor,2
strength,2
rattling,2
elder,2
hammered,2
winning,2
regular,2
pixie,2
mounted,2
norriss,2
pets,2
hoist,2
remembering,2
enchanting,2
signing,2
grumpy,2
wind,2
swerved,2
finds,2
fawkess,2
spraying,2
absentmindedly,2
ushered,2
household,2
audible,2
proceeded,2
pinching,2
spirits,2
towering,2
skimmed,2
shuddered,2
stool,2
behave,2
contorted,2
untidy,2
sheds,2
bustle,2
lacewing,2
freed,2
largest,2
larger,2
aiming,2
stout,2
hugged,2
perform,2
marmalade,2
delighted,2
fives,2
boasting,2
holds,2
smelly,2
stomped,2
farther,2
advise,2
belch,2
graciously,2
begin,2
cheer,2
reversed,2
knotgrass,2
confetti,2
nephew,2
draining,2
collected,2
git,2
transformations,2
spilling,2
delightedly,2
rocking,2
bursting,2
freak,2
dudleys,2
squeaked,2
catflap,2
r,2
12,2
hey,2
cleansweep,2
ubend,2
sparks,2
flipped,2
twitching,2
decorated,2
february,2
yelped,2
especially,2
thudding,2
sly,2
slab,2
inched,2
writhing,2
grubby,2
violent,2
photo,2
named,2
clues,2
barrel,2
examined,2
triumph,2
positively,2
honorary,2
diagram,2
smethleys,2
godric,2
pieces,2
roaring,2
cheered,2
north,2
explode,2
disgruntled,2
enthusiasm,2
stuffs,2
drooped,2
differentcolored,2
wedve,2
14,2
21,2
turrets,2
pucey,2
silly,2
vauxhall,2
coils,2
advanced,2
strolled,2
bookshop,2
eton,2
marks,2
hoops,2
widen,2
panicked,2
scattered,2
moralebooster,2
tennis,2
toadstools,2
sponge,2
member,2
composition,2
snatch,2
evidently,2
promised,2
groan,2
ernies,2
eager,2
sockets,2
joyfully,2
magnified,2
talent,2
wonderingly,2
alert,2
overtime,2
thuds,2
frayed,2
muck,2
bloody,2
guffaw,2
shrank,2
fits,2
wrinkled,2
toenails,2
tis,2
swear,2
hornby,2
wrung,2
prospect,2
refusing,2
test,2
activities,2
scarf,2
alarmed,2
widened,2
smoky,2
entwined,2
fainter,2
whatll,2
judging,2
trained,2
assembly,2
amulets,2
toy,2
mixture,2
march,2
valiant,2
international,2
gained,2
penetrating,2
punishments,2
awkward,2
considerable,2
scrape,2
reflected,2
strangle,2
runes,2
dissolved,2
remarkable,2
um,2
churning,2
shoved,2
tactics,2
supported,2
disarming,2
marvolo,2
share,2
risk,2
garage,2
flash,2
purplish,2
disapproving,2
mainly,2
gagging,2
collect,2
surge,2
sprouts,2
bustling,2
splattering,2
noble,2
midst,2
alike,2
tells,2
stories,2
background,2
foggy,2
youngsters,2
frighten,2
pocketed,2
blindly,2
cough,2
guess,2
fearfully,2
gnarled,2
offered,2
horses,2
rough,2
beautiful,2
owner,2
fivetime,2
bizarre,2
various,2
strike,2
tripped,2
clipped,2
07,1
hitched,1
doubts,1
inner,1
bookshelf,1
skidded,1
chor,1
marrow,1
filing,1
librarian,1
wholl,1
spared,1
snores,1
296,1
cubs,1
embrace,1
squealing,1
shrunken,1
wheels,1
highest,1
125,1
racking,1
expertise,1
surveying,1
balefully,1
positive,1
restlessly,1
speedy,1
absurd,1
include,1
tilting,1
professorr,1
rolls,1
flees,1
wrestle,1
equal,1
vegetables,1
cargone,1
fletcher,1
plunderers,1
der,1
limb,1
dusted,1
arguing,1
quafe,1
hockey,1
chalk,1
belonged,1
stewed,1
tampered,1
deeds,1
shielding,1
murky,1
growth,1
haunt,1
forks,1
violet,1
yells,1
outstrips,1
genially,1
124,1
footprints,1
didsbury,1
overcooked,1
sprouted,1
character,1
drives,1
clauses,1
butterflies,1
traffic,1
thirsty,1
wandwork,1
piteous,1
drying,1
teamed,1
disapproved,1
signatures,1
chunks,1
unclench,1
savagely,1
session,1
preoccupied,1
windowless,1
thread,1
muggy,1
169,1
groups,1
drift,1
wrestled,1
cc,1
flooded,1
205,1
frankly,1
thinnest,1
disbelievingly,1
mints,1
fork,1
enviously,1
clinging,1
y4,1
safest,1
pinker,1
astronomy,1
yehve,1
boatlike,1
slower,1
disperse,1
embarrass,1
claimed,1
mossy,1
54,1
grim,1
fleet,1
throughout,1
repair,1
fiied,1
ogdeds,1
devising,1
maggoty,1
drone,1
rift,1
throng,1
15,1
outof,1
attempted,1
232,1
transferred,1
hem,1
thronging,1
topoftheline,1
bristling,1
cobbled,1
moors,1
sneakily,1
spellotape,1
slept,1
perturbed,1
cbamber,1
howl,1
barricaded,1
sputter,1
slithered,1
outburst,1
leaping,1
pockets,1
cared,1
meat,1
curl,1
fearsome,1
banquets,1
supporter,1
instance,1
laden,1
trays,1
stern,1
132,1
wellfed,1
proven,1
154,1
complex,1
deboning,1
hose,1
fireball,1
bout,1
splotched,1
scornfully,1
throws,1
ously,1
affect,1
lastminute,1
spin,1
skull,1
ridthe,1
rapturously,1
sorts,1
fancy,1
mortlake,1
ambitious,1
buildings,1
wiggle,1
appreciate,1
1492,1
bloodless,1
pelted,1
robbing,1
demonstration,1
200,1
embarrassed,1
childhood,1
purpose,1
shattered,1
experimental,1
11,1
chap,1
101,1
newborn,1
seating,1
termed,1
bolts,1
retired,1
serves,1
pecking,1
deceiving,1
martin,1
leather,1
inching,1
quiz,1
ture,1
untrustworthy,1
burn,1
puff,1
weakkneed,1
mangled,1
scaly,1
tauntingly,1
terrifying,1
knives,1
haphazardly,1
account,1
badtempered,1
thief,1
necklace,1
sarcastic,1
fantasy,1
growin,1
cabinets,1
ghostly,1
waltzing,1
138,1
disguise,1
talkin,1
steely,1
prickling,1
buoyant,1
thorns,1
plain,1
dissolving,1
clouding,1
constant,1
itarry,1
clinking,1
trou,1
downhill,1
begonia,1
wistful,1
mmm,1
fastest,1
sheets,1
twirl,1
distraught,1
blonde,1
pompously,1
saint,1
ppotion,1
hesitant,1
vote,1
69,1
joy,1
paneled,1
mistaking,1
309,1
42,1
yellowish,1
disgrace,1
essential,1
desktop,1
groggily,1
noses,1
bravely,1
drifting,1
ouagadogou,1
uncertain,1
112,1
i3,1
childish,1
saturdays,1
cower,1
gaps,1
unaccountably,1
tyke,1
happenings,1
wobbled,1
transfigured,1
jealoussaid,1
teddy,1
moldylooking,1
regrow,1
daughters,1
ruin,1
muuuuuum,1
bulldog,1
celestina,1
ninth,1
thieves,1
em,1
loony,1
waterproof,1
peter,1
arithmancy,1
beast,1
serpentine,1
orphans,1
hopkirk,1
knife,1
stream,1
grate,1
acceler,1
sandwich,1
clumsily,1
causes,1
sinistra,1
fidgeting,1
safety,1
rubyencrusted,1
speaks,1
greetings,1
skulkin,1
pop,1
ur,1
gradually,1
testily,1
113,1
litde,1
fumbling,1
drawings,1
waspish,1
palms,1
meeting,1
shirt,1
blows,1
handson,1
dripped,1
menace,1
regretting,1
bossily,1
temperature,1
persuading,1
tidy,1
unlikely,1
horse,1
thorough,1
gloating,1
ti,1
crammed,1
involved,1
halves,1
rare,1
particular,1
straying,1
scratching,1
tunic,1
rash,1
133,1
fanciful,1
labeled,1
dobbyd,1
chasing,1
affronted,1
2v2,1
ted,1
thrashing,1
lose,1
situation,1
goods,1
benefited,1
rescued,1
villager,1
toddle,1
sweets,1
enslavement,1
fore,1
annoyance,1
twanging,1
option,1
barks,1
wan,1
dearly,1
whomustnotbenamed,1
postal,1
59,1
snowy,1
ternationally,1
scalawag,1
knobbly,1
madder,1
tenterhooks,1
whizzed,1
stubs,1
162,1
strutted,1
cousin,1
escalator,1
tattered,1
streamers,1
wandless,1
albania,1
01,1
sincerely,1
owners,1
non,1
roomy,1
attract,1
outlined,1
freezing,1
widow,1
146,1
serpenttongue,1
luxury,1
lamps,1
40k55,1
2y,1
pleaded,1
curves,1
310,1
solve,1
hooting,1
unraveling,1
stride,1
halfdressed,1
wedged,1
unrolled,1
popped,1
jabbering,1
qualify,1
distress,1
purpling,1
aha,1
reboned,1
tickling,1
competing,1
wits,1
essence,1
flitwicks,1
yearned,1
monkeyish,1
buzzing,1
ccouldnt,1
nimbly,1
eagle,1
8,1
drake,1
whilst,1
speck,1
raindrops,1
sweetly,1
creeveys,1
variety,1
refreshing,1
dinners,1
adoration,1
insist,1
dadll,1
notices,1
timid,1
trollish,1
wonderin,1
hobbled,1
rotting,1
bugbear,1
bleakly,1
decorations,1
resolve,1
mound,1
dangers,1
hunger,1
touchdown,1
mugglebaiting,1
satisfaction,1
shoe,1
core,1
surrounding,1
touslehaired,1
museum,1
mold,1
splashmrs,1
forboding,1
skulking,1
dealt,1
booksignings,1
superior,1
sluggishly,1
forgetting,1
onward,1
surging,1
plumbing,1
agalls,1
flamingred,1
preserved,1
enenchant,1
mistaken,1
dreamed,1
twin,1
sidekick,1
whichever,1
spotlight,1
vacuum,1
allmagic,1
likes,1
forfeit,1
stick,1
184,1
snowcovered,1
203,1
wasn,1
ridding,1
28,1
musty,1
swan,1
wonderment,1
sorcery,1
cascaded,1
mystifies,1
collection,1
galloped,1
podium,1
tubeworms,1
blew,1
dregs,1
199,1
sack,1
burped,1
discuss,1
nods,1
killin,1
leafstrewn,1
eightlegged,1
forgive,1
gain,1
resting,1
torrents,1
memorys,1
ties,1
forget,1
st,1
mirrored,1
ifyou,1
attend,1
blackdraped,1
ceilings,1
babbling,1
owy,1
winter,1
deflating,1
daytime,1
potty,1
plumage,1
_2,1
hysterical,1
guidance,1
devastated,1
ummer,1
darkest,1
bundle,1
archenemy,1
tongs,1
frogs,1
bro,1
85,1
absolutelydisgusted,1
plunking,1
scott,1
clap,1
ecstasy,1
holly,1
spirit,1
boss,1
scampering,1
lifesize,1
resurfacing,1
pokery,1
braved,1
mums,1
travelworn,1
adventures,1
prone,1
52,1
presented,1
revolting,1
mommyll,1
holders,1
realizing,1
slowacting,1
brighter,1
raged,1
forth,1
fawcett,1
snowflecked,1
prison,1
mmust,1
pursuit,1
creak,1
scraps,1
hubbub,1
tiniest,1
fashioned,1
16,1
gladly,1
lots,1
despairing,1
flinched,1
painting,1
tufted,1
seventh,1
fortyfive,1
peculiar,1
171,1
fingertips,1
covering,1
accidents,1
sake,1
mixed,1
shrugging,1
traveler,1
education,1
security,1
2000,1
biggest,1
squirted,1
bullfrog,1
ingenious,1
handbag,1
blink,1
noon,1
pie,1
fickle,1
timing,1
quickresult,1
privileges,1
loopy,1
vigorously,1
187,1
mature,1
inherited,1
discussing,1
ridge,1
songbird,1
falter,1
hoisted,1
borrow,1
masks,1
bronze,1
71,1
restarted,1
antidotes,1
johnson,1
superb,1
breathtaking,1
nurse,1
intestines,1
unrolling,1
headlock,1
grunt,1
favor,1
stewing,1
unknown,1
pitchblack,1
hoodwinked,1
nagging,1
woe,1
ccars,1
uneven,1
98,1
3	what,1
stormy,1
tombstone,1
suggestions,1
flickering,1
searched,1
dramatic,1
terrific,1
boneless,1
regrowing,1
l79,1
pufferfish,1
188,1
hen,1
eggnog,1
298,1
driven,1
forked,1
pierced,1
consorted,1
passageways,1
porky,1
improper,1
tumbledown,1
plugs,1
vicious,1
fatherand,1
blighters,1
io9,1
bellowing,1
unseal,1
monthly,1
195,1
goylesize,1
onehanded,1
liberty,1
bowled,1
collar,1
paced,1
prompted,1
wrapped,1
dumbstruck,1
selfshuffling,1
fertilizer,1
develop,1
snore,1
deputy,1
incantations,1
gruesome,1
puffedup,1
granted,1
giveaway,1
filed,1
mullioned,1
description,1
sagging,1
dwindling,1
ir,1
roast,1
arc,1
strict,1
lecture,1
firecracker,1
poles,1
107,1
110,1
magenta,1
ony,1
ruining,1
dkjeling,1
smartly,1
eaglefeather,1
greedily,1
deepset,1
armful,1
slowing,1
whizzing,1
troubles,1
31l,1
apiece,1
tipped,1
scattering,1
blinking,1
biggish,1
topsham,1
celebrate,1
succession,1
stillness,1
deflated,1
matching,1
cabbage,1
labyrinthine,1
beaker,1
flesheating,1
distressed,1
scampered,1
caved,1
wept,1
ddiaryl,1
wading,1
sagely,1
rr		s,1
excuses,1
helga,1
disastrous,1
weathers,1
heel,1
dreading,1
loathing,1
wh,1
glugged,1
puffed,1
recent,1
shown,1
lunatics,1
sagged,1
ticket,1
jovially,1
ir		n,1
procure,1
ominous,1
frostcovered,1
finalize,1
oneup,1
fraction,1
214,1
suppressed,1
mightily,1
hopes,1
like,1
upended,1
scintillation,1
imagined,1
sunday,1
supermarket,1
untidier,1
expectin,1
shepherded,1
pound,1
wwhatll,1
earnestly,1
orb,1
muggleloving,1
range,1
befouling,1
response,1
entering,1
torpor,1
fix,1
soothingly,1
swell,1
resentfully,1
hammering,1
apology,1
hampered,1
284,1
studied,1
punctured,1
alltime,1
impact,1
knobby,1
horny,1
96,1
cemented,1
accept,1
breathe,1
butted,1
obscured,1
denying,1
rictusempra,1
202,1
witheringly,1
ermione,1
occasion,1
disarmed,1
arrangements,1
fiftyyear,1
cancelled,1
proof,1
masterpiece,1
permitted,1
canned,1
11h,1
colliding,1
spurt,1
horseback,1
bee,1
221,1
ho,1
waded,1
contraptions,1
loyal,1
darting,1
patchwork,1
f,1
devoted,1
flesheatin,1
slings,1
sized,1
firewhisky,1
smaller,1
earths,1
pains,1
weighted,1
peaceful,1
chewed,1
thems,1
cardcarrying,1
unnatural,1
teasing,1
300,1
parentless,1
sixteenyearold,1
priceless,1
former,1
confederation,1
mealtimes,1
5,1
stocking,1
bus,1
acts,1
bug,1
buttons,1
squelchily,1
alarmingly,1
wicked,1
icily,1
twentyone,1
enraged,1
swapped,1
273,1
taunting,1
chink,1
cruelty,1
stiffness,1
cornered,1
teh,1
heres,1
thumbed,1
berth,1
163,1
grapes,1
hitherto,1
motioning,1
halfempty,1
treasure,1
gentleman,1
statute,1
antiques,1
beetleblack,1
charging,1
accidentprone,1
reaching,1
100,1
cleansweeps,1
jowls,1
murders,1
reedy,1
spinner,1
sportingly,1
greatgreatgreatgreatgrandson,1
frames,1
tumblers,1
task,1
reflection,1
orblike,1
cuffing,1
american,1
sorceress,1
miggs,1
coins,1
highway,1
signaling,1
relative,1
surpassing,1
battle,1
frame,1
wheezy,1
pane,1
uptight,1
intake,1
speciality,1
seeping,1
approvingly,1
downright,1
rearranged,1
peacocks,1
determination,1
crept,1
ronalds,1
jangling,1
ignition,1
snowcapped,1
patted,1
teething,1
reborn,1
gorilla,1
mugs,1
meaningfully,1
takes,1
stains,1
mouthwatering,1
multicolored,1
thousandth,1
method,1
riously,1
arm,1
griffin,1
clove,1
rubyred,1
spurted,1
clench,1
cheekily,1
ife,1
extracting,1
schoolwork,1
clamoring,1
bun,1
pennyfeather,1
verifiable,1
author,1
dawned,1
thoughtfufly,1
filtering,1
tackle,1
1520,1
shooed,1
radio,1
harrassedlooking,1
ham,1
tape,1
reliable,1
sprouting,1
168,1
symbol,1
reporter,1
outofsight,1
dentist,1
cupids,1
noiselessly,1
practices,1
views,1
branching,1
302,1
smeltings,1
legholes,1
wonders,1
drumming,1
flea,1
neared,1
giv,1
tries,1
224,1
voiced,1
irresolute,1
tumultuous,1
preferring,1
3213,1
kitchens,1
aglow,1
hewho,1
skulls,1
fee,1
landmark,1
flanked,1
threshold,1
grease,1
pupil,1
plunging,1
quiver,1
unease,1
insane,1
fretted,1
hufliepuffs,1
plummeted,1
218,1
recognizable,1
ccant,1
tiptoe,1
pinkish,1
nudged,1
prised,1
prattle,1
airborne,1
snigger,1
chimed,1
ignited,1
thirtythree,1
detergent,1
uptake,1
drawingroom,1
recount,1
precaution,1
nowhere,1
squeeze,1
flecks,1
contacted,1
demonic,1
sugar,1
furnace,1
slit,1
achievement,1
racket,1
retched,1
filchll,1
pasty,1
pool,1
whack,1
feebly,1
shooing,1
sigh,1
postponed,1
coughing,1
swaying,1
sniff,1
guessing,1
cs,1
comfortably,1
forms,1
buff,1
beheaded,1
guaranteed,1
166,1
champion,1
persuade,1
clears,1
unavoidable,1
woes,1
cocktail,1
expensive,1
dozens,1
cavernous,1
refilling,1
126,1
131,1
140,1
miraculously,1
brushed,1
disappearance,1
slaughtered,1
oddlooking,1
willingly,1
fame,1
fluttering,1
wiggly,1
h4,1
washing,1
responsibility,1
accusing,1
impulse,1
zero,1
flogging,1
unfriendly,1
shoveling,1
tails,1
26,1
irritated,1
picturing,1
opals,1
peskipiksi,1
bullied,1
squashing,1
chatter,1
puzzlement,1
waft,1
rapped,1
secretive,1
stockstill,1
thingsve,1
suspected,1
percent,1
rabbits,1
lids,1
triumphantly,1
uncoiling,1
essay,1
wretched,1
delicious,1
derstood,1
roomed,1
gullible,1
tion,1
vulture,1
cerely,1
docile,1
stark,1
greatly,1
huddle,1
misunderstood,1
youself,1
edit,1
cheap,1
creams,1
towers,1
provoke,1
lamplike,1
chameleon,1
cauldrons,1
chaos,1
mabels,1
onlookers,1
halfshouted,1
bade,1
suppress,1
hopelessly,1
countercharm,1
resentful,1
drinks,1
mowed,1
jack,1
tilted,1
bar,1
scrambling,1
numbers,1
convict,1
46,1
commands,1
careers,1
jostling,1
recognizing,1
protest,1
angus,1
thent,1
uproar,1
moping,1
nogrowled,1
268,1
unicorns,1
flattering,1
bbreakfast,1
starve,1
norfolk,1
impress,1
venemous,1
stifflegged,1
invented,1
130,1
objections,1
ecstatically,1
screen,1
earshot,1
brambles,1
teetering,1
frightens,1
longnosed,1
tied,1
cowered,1
hunched,1
groaning,1
noheat,1
sees,1
agleam,1
glutinous,1
contact,1
failing,1
fussed,1
chaps,1
rows,1
problems,1
requested,1
centuries,1
164,1
smudged,1
burnished,1
source,1
crushing,1
drunkenly,1
ttook,1
vol,1
plumbers,1
relenting,1
childrens,1
uneventful,1
78,1
dismounted,1
spate,1
resplendent,1
knowwho,1
208,1
lookout,1
bubbles,1
knottiest,1
patrolling,1
terribly,1
prepared,1
slog,1
sport,1
quills,1
expelling,1
natural,1
curlyhaired,1
horseman,1
patiently,1
ince,1
steal,1
hisses,1
velvety,1
descendant,1
unnoticed,1
328,1
fiasco,1
claus,1
haggle,1
89,1
rejection,1
teeming,1
whoosh,1
flesh,1
colored,1
tottering,1
carols,1
pinhead,1
228,1
shrivelfigs,1
general,1
protected,1
thrashed,1
caution,1
twove,1
ducking,1
amid,1
salvers,1
136,1
faceful,1
whoops,1
198,1
nibbled,1
unpleasantness,1
no000000,1
anybodys,1
panicstricken,1
voted,1
easier,1
vaulted,1
pincered,1
clanking,1
fidget,1
placing,1
lieve,1
mails,1
whiff,1
118,1
shouldering,1
parvati,1
helpfully,1
homorphus,1
rereading,1
6,1
centaurs,1
onell,1
punching,1
notgo,1
breakneck,1
stray,1
nature,1
tention,1
cries,1
photographing,1
sailing,1
punctuated,1
believable,1
names,1
385,1
sobbing,1
divine,1
gentle,1
fifthyear,1
removal,1
shrivelfig,1
trickle,1
dwells,1
a,1
pregnant,1
dreaded,1
securing,1
moulting,1
feather,1
jets,1
spiky,1
coat,1
failsafe,1
braced,1
roomier,1
lizard,1
conjuring,1
comeuppance,1
wax,1
flee,1
resourcefulness,1
freckle,1
fireplaces,1
dazzlingly,1
reckoned,1
raffle,1
compose,1
rulebreaking,1
disrepute,1
beginning,1
midmorning,1
ooooh,1
knob,1
curved,1
contracted,1
lashed,1
hailstorm,1
doughnut,1
341,1
neckless,1
mollys,1
gents,1
sparkled,1
sallow,1
replied,1
brandnew,1
sorcerers,1
newt,1
splashes,1
stamped,1
laws,1
blind,1
congratulating,1
wildest,1
329,1
straggling,1
bridge,1
willow,1
gran,1
engulfed,1
produced,1
outrage,1
polo,1
baron,1
antidote,1
increasingly,1
issued,1
corrected,1
snickering,1
shine,1
mcgon,1
jerkily,1
numbly,1
steadying,1
duck,1
roses,1
manure,1
gloss,1
slurped,1
trimming,1
mottled,1
salamanders,1
farfetched,1
177,1
casters,1
runin,1
shallow,1
nothings,1
miniscule,1
periwinkle,1
thicker,1
suffer,1
signings,1
humming,1
rival,1
mortally,1
ministryil,1
mugglemade,1
berserk,1
robe,1
strawberryandpeanutbutter,1
60,1
68,1
90,1
transfixed,1
104,1
spinnet,1
inks,1
smugly,1
fumes,1
aggressively,1
hopped,1
elaborately,1
229,1
244,1
murder,1
instinctively,1
longing,1
chimneys,1
gang,1
charmed,1
encyclopedia,1
heomustnotbenamed,1
heaped,1
misery,1
nightcap,1
talismans,1
amongst,1
thickened,1
sopping,1
unheard,1
pounce,1
twitch,1
simpering,1
pruned,1
1875,1
tenpound,1
peebles,1
silk,1
e,1
pandemonium,1
transport,1
countercurse,1
thus,1
dressing,1
worm,1
skittering,1
194,1
spindlelegged,1
ooooooh,1
tragedy,1
classs,1
staffroom,1
fawkes,1
doll,1
mafalda,1
official,1
crunching,1
west,1
jogged,1
concentrate,1
quaffle,1
bitterness,1
caretakers,1
detached,1
myths,1
sardinian,1
tuttutting,1
swords,1
calculating,1
merry,1
wiry,1
halfpast,1
acne,1
escaping,1
enemy,1
roved,1
trickling,1
rag,1
335,1
padlocked,1
loin,1
shuts,1
skip,1
54	when,1
z,1
shred,1
windowpane,1
tack,1
skins,1
greeting,1
passenger,1
pigpen,1
41,1
pincenez,1
disgraces,1
wobble,1
immaculate,1
nip,1
jealously,1
brow,1
calmer,1
128,1
tic,1
uns,1
perry,1
emotion,1
fizz,1
blanket,1
280,1
snufing,1
intimate,1
traced,1
evilly,1
humiliation,1
102,1
marcus,1
married,1
storys,1
provide,1
lover,1
shriveled,1
mouthed,1
pointlessly,1
runny,1
ththank,1
starts,1
posters,1
confident,1
sparkle,1
eaten,1
memorized,1
giggled,1
splashing,1
yehre,1
banisters,1
roving,1
detach,1
stubbed,1
stumps,1
poster,1
strangling,1
jiggery,1
fridge,1
castles,1
ruinin,1
trundled,1
ceremony,1
bite,1
eardrums,1
hairline,1
chapter,1
jokin,1
melting,1
petulantly,1
stolen,1
barred,1
ushering,1
diddt,1
rowling,1
whyre,1
redheaded,1
shrink,1
dwell,1
breaths,1
climb,1
cured,1
season,1
dodge,1
puddingbowl,1
fourteenth,1
238,1
unaccompanied,1
appointment,1
weaving,1
bloodsoaked,1
wwheres,1
coolly,1
golfballsize,1
grassy,1
pro,1
peoplell,1
leaked,1
boil,1
111,1
insulting,1
moldy,1
unsteadily,1
apologizing,1
askew,1
aggravating,1
forcefed,1
thumbs,1
undressed,1
choices,1
groping,1
r		v,1
burying,1
ridicule,1
doorknob,1
pep,1
onion,1
ashenfaced,1
197,1
220,1
strewn,1
advising,1
skyline,1
track,1
freely,1
aunts,1
pork,1
comforting,1
nod,1
fancies,1
priced,1
happiest,1
doublet,1
pee,1
nibbles,1
scarhead,1
remainder,1
gulps,1
leads,1
slam,1
electrified,1
footstep,1
acted,1
emblazoned,1
daylight,1
city,1
enrol,1
remnants,1
figures,1
bid,1
wellyoudidbreakschool,1
participate,1
manacles,1
intrigued,1
brick,1
flavor,1
falsely,1
telltale,1
beacon,1
2116,1
motioned,1
lengthening,1
strengths,1
discussion,1
slimmest,1
cracks,1
survive,1
fluttered,1
reckons,1
borgins,1
grasping,1
cronies,1
drapes,1
31st,1
explanation,1
professer,1
blearily,1
shunted,1
episode,1
leaden,1
167,1
retaliated,1
bewitch,1
harps,1
spitefully,1
lagged,1
runs,1
favorites,1
galloping,1
95,1
colds,1
tucking,1
welling,1
gaze,1
reassuringly,1
plans,1
thegirl,1
conditions,1
willing,1
08,1
greater,1
clumps,1
public,1
awe,1
latest,1
hollowly,1
tapers,1
allpurpose,1
vampire,1
borns,1
monday,1
poised,1
whiskers,1
confiscated,1
eraser,1
depends,1
crouch,1
sentries,1
dispose,1
stroked,1
springing,1
marvelous,1
goblindriven,1
seedlings,1
stammers,1
developed,1
taunted,1
fu,1
heaving,1
nightmares,1
drooping,1
pigtails,1
murmuring,1
overcoat,1
vividly,1
hatched,1
thoughtful,1
riding,1
escapators,1
quicker,1
assistance,1
grows,1
ther,1
staining,1
liquid,1
sweeps,1
tortoise,1
bedclothes,1
doesn,1
squeals,1
contain,1
expulsion,1
scruffy,1
lifting,1
rr		f,1
fourposters,1
deafeningly,1
squash,1
bullets,1
simplest,1
drier,1
trundling,1
beasts,1
attached,1
jumble,1
cliff,1
invitingly,1
outoforder,1
oflaherty,1
sob,1
189,1
yards,1
boat,1
270,1
sensed,1
blackhaired,1
ththought,1
secrecy,1
stump,1
kippers,1
rocketing,1
absolutely,1
moves,1
muscles,1
yak,1
unleash,1
unseat,1
investigate,1
hairraising,1
233,1
sev,1
pomfreys,1
297,1
tales,1
tonelessly,1
collapse,1
44,1
shabbylooking,1
swirls,1
unremarkable,1
waggling,1
wreckage,1
135,1
arrant,1
tide,1
skeptically,1
mended,1
190,1
cantve,1
simmering,1
spreadeagled,1
atmosphere,1
grimmer,1
notve,1
smeared,1
tragically,1
303,1
ottery,1
reassured,1
waist,1
sprawled,1
clapping,1
2	what,1
states,1
strained,1
144,1
august,1
176,1
shriek,1
mus,1
midsentence,1
widest,1
uncontrollably,1
idly,1
531,1
peril,1
glory,1
retreating,1
ending,1
slapped,1
exit,1
earns,1
brightened,1
swap,1
32o,1
headjuggling,1
begging,1
nosaid,1
duels,1
ditched,1
shortest,1
selfsatisfied,1
armando,1
thunderstruck,1
announce,1
announced,1
oldest,1
ddiagon,1
coil,1
booklist,1
stops,1
82,1
115,1
scorch,1
gracious,1
affectionate,1
harp,1
241,1
rap,1
sycamore,1
guides,1
outbreak,1
wondrous,1
recited,1
frank,1
cleaner,1
feelings,1
malevolent,1
offices,1
apologetic,1
rats,1
worries,1
apples,1
stacks,1
wrathful,1
purge,1
peacock,1
actual,1
shrewd,1
solemnly,1
lemon,1
purebloods,1
wanders,1
answers,1
blundering,1
swallow,1
ordeal,1
batlike,1
wallpaper,1
comics,1
peace,1
wise,1
bangin,1
similar,1
prevented,1
measuring,1
scum,1
national,1
beakerful,1
jars,1
dazzling,1
lurked,1
current,1
whimper,1
contented,1
three,1
spidersflee,1
sale,1
hated,1
raked,1
devilish,1
malfunctioning,1
snailed,1
it		t,1
concentrated,1
thicket,1
prowled,1
finite,1
instinct,1
stiffnecked,1
ll,1
scare,1
whisked,1
residence,1
audience,1
hesitation,1
squad,1
devices,1
incantatem,1
heavens,1
marked,1
blackandwhitestriped,1
spill,1
severely,1
shutting,1
elsewhere,1
purposefully,1
92,1
crosses,1
bu,1
drinker,1
unlucky,1
ebb,1
instructive,1
scarves,1
231,1
mattress,1
comfort,1
emeralds,1
misted,1
mere,1
bounding,1
assortment,1
police,1
volley,1
milkman,1
122,1
nudging,1
unsuspecting,1
browns,1
sinks,1
detective,1
hesitate,1
artist,1
badly,1
crawled,1
lobbed,1
annoying,1
dose,1
wrinkling,1
flatter,1
obliviate,1
sizable,1
competition,1
endlessly,1
town,1
bold,1
meal,1
pummeled,1
suits,1
fifthyears,1
108,1
spect,1
117,1
anticipating,1
nuns,1
detested,1
net,1
threefootlong,1
detect,1
scoring,1
horizontal,1
descended,1
clucked,1
pursued,1
tg,1
gaping,1
bbeen,1
prized,1
april,1
afterdinner,1
uneasy,1
sidle,1
whine,1
86,1
returning,1
correspondence,1
dignified,1
fainted,1
mar,1
demonstrating,1
tarantallegra,1
curtly,1
turkey,1
hibernate,1
screeching,1
gun,1
pictured,1
considerably,1
lec,1
subcommittee,1
continuing,1
illustrations,1
dangerously,1
cuffed,1
indistinguishable,1
flaw,1
261,1
281,1
spellwork,1
battered,1
ram,1
hits,1
rippling,1
pounced,1
but,1
ranting,1
sonnets,1
buck,1
yelping,1
swayed,1
briglitly,1
fools,1
doorstep,1
bellow,1
ironing,1
titles,1
pond,1
lights,1
lumpy,1
whassamatter,1
goals,1
amusement,1
herell,1
fingering,1
misreading,1
commentating,1
expecting,1
profile,1
kid,1
tiptoeing,1
forgiven,1
blast,1
unwisely,1
sswear,1
disheveled,1
flopped,1
levels,1
grate,1
bespectacled,1
booth,1
scathing,1
pinkandgold,1
blurs,1
mightve,1
transforming,1
chess,1
formally,1
summoned,1
boxes,1
scalp,1
redhaired,1
bitten,1
mister,1
flyaway,1
rhino,1
havoc,1
bloodstains,1
hunting,1
creevy,1
speechless,1
glitter,1
defend,1
flustered,1
foxes,1
204,1
ladled,1
teased,1
readily,1
stained,1
filibusters,1
listenin,1
ator,1
transylvanian,1
doomladen,1
rasp,1
giggles,1
elbowing,1
imprisoned,1
thumps,1
flaring,1
430,1
scaredlooking,1
squirmed,1
dew,1
kelpies,1
glummest,1
sorrow,1
skowers,1
disagreements,1
ballet,1
wham,1
portable,1
poked,1
242,1
limegreen,1
carthorses,1
clamp,1
risen,1
ankle,1
grudge,1
clambered,1
tempers,1
snorted,1
writes,1
fading,1
213,1
291,1
skeleton,1
unearthly,1
flay,1
creaks,1
manors,1
regard,1
banks,1
threateningly,1
championship,1
selective,1
powdered,1
looped,1
smarmiest,1
defender,1
u,1
spiked,1
wetstart,1
caving,1
wattlebird,1
housed,1
inter,1
nettles,1
succeeded,1
charcoalblack,1
150,1
aggravated,1
hullo,1
trailing,1
earned,1
il96,1
approaching,1
type,1
effort,1
placidly,1
incensed,1
inspect,1
chimney,1
throb,1
droned,1
knowledge,1
patil,1
170,1
pardon,1
ado,1
slippers,1
delight,1
jumbled,1
abandoned,1
dug,1
collapsed,1
sumptuous,1
mingling,1
textbook,1
caterpillars,1
folding,1
halfcompleted,1
dullest,1
eradication,1
brewing,1
resume,1
178,1
battling,1
inexplicably,1
arranging,1
ablaze,1
sabertoothed,1
48,1
seriousness,1
fessor,1
doubling,1
shivered,1
anguished,1
petrify,1
gotcha,1
rim,1
rr	t,1
garlic,1
unfit,1
conquered,1
loss,1
proved,1
methods,1
patient,1
upsets,1
rooftops,1
betide,1
powders,1
ants,1
hail,1
8i,1
market,1
disasterous,1
lockhartll,1
cardigan,1
earning,1
booger,1
217,1
furrowed,1
diarys,1
ust,1
troubling,1
sweep,1
goodnaturedly,1
serenely,1
lightningshaped,1
hermes,1
galleon,1
platforms,1
gamekeepers,1
halfhidden,1
provided,1
deprived,1
guarding,1
148,1
preferred,1
jeered,1
173,1
vermin,1
180,1
trade,1
classrooms,1
nondescript,1
240,1
expectant,1
canary,1
weighing,1
vision,1
prominent,1
soapy,1
intelligence,1
sore,1
driving,1
cooking,1
retrieve,1
stinging,1
rumbled,1
feelers,1
traipsed,1
97,1
icing,1
recapture,1
annoyed,1
159,1
rollercoaster,1
rising,1
tightknit,1
pet,1
209,1
holdup,1
flamed,1
astounded,1
bemused,1
flowerbeds,1
ronl,1
baking,1
committee,1
stored,1
billowing,1
shaky,1
foulest,1
theories,1
dislike,1
cackled,1
flame,1
cleverly,1
304,1
himi,1
interests,1
halfpolished,1
beetles,1
scrawl,1
hover,1
skills,1
tuck,1
106,1
marchin,1
airy,1
158,1
reenacted,1
stabbing,1
fanged,1
settling,1
christened,1
hermionell,1
reasonable,1
energetically,1
goshawk,1
apothecary,1
flouted,1
84,1
tureens,1
uldnt,1
boulder,1
friar,1
wrtiting,1
1289,1
poem,1
sniggered,1
bully,1
headlong,1
mops,1
236,1
cooped,1
easter,1
vomit,1
abyssinian,1
stumbling,1
eighteyed,1
steep,1
command,1
attempting,1
build,1
builder,1
feature,1
glimpses,1
smoothing,1
objects,1
fireside,1
dent,1
ejecting,1
handful,1
fumbled,1
wizardkind,1
flatly,1
spying,1
saws,1
fake,1
lurched,1
sensational,1
dedicate,1
enslaved,1
halflistening,1
266,1
fellows,1
flicker,1
horsefaced,1
false,1
gnomeholes,1
cannonball,1
gloated,1
aaargh,1
trestle,1
puffyeyed,1
143,1
jutted,1
mirth,1
flared,1
leveled,1
loyalty,1
shepherds,1
arrow,1
putrid,1
naturally,1
aftermath,1
wee,1
cheeriness,1
confide,1
random,1
winded,1
bait,1
salmonpink,1
elbows,1
banner,1
malice,1
9,1
smoking,1
increased,1
xrayed,1
prying,1
lowly,1
meddle,1
chase,1
gloved,1
lightblue,1
highbacked,1
accurate,1
lick,1
darkening,1
24,1
mentioning,1
336,1
reminds,1
fishing,1
carts,1
oficed,1
smelled,1
sheltering,1
turnout,1
scooped,1
creepy,1
wary,1
chortling,1
resignation,1
recovery,1
recall,1
halfbloods,1
parselmouths,1
gingerly,1
evillooking,1
installed,1
swiveling,1
116,1
rowena,1
crawl,1
wrenching,1
remembers,1
splash,1
watches,1
appointed,1
measures,1
gits,1
orphaned,1
ddidnt,1
32,1
treating,1
ken,1
fiiing,1
exotic,1
rifled,1
stinking,1
unworthy,1
152,1
ventured,1
186,1
matchbox,1
reporters,1
peeled,1
lining,1
299,1
entries,1
314,1
purplefaced,1
japanese,1
88,1
firedwelling,1
134,1
rubbery,1
protective,1
dollops,1
derisive,1
kick,1
trailed,1
21l,1
informed,1
littered,1
perplexed,1
awards,1
rr		t,1
weeds,1
shouldve,1
flints,1
huntsmen,1
decapitatedpodmore,1
rearing,1
149,1
drops,1
jobs,1
grimlooking,1
sphere,1
limbs,1
moreover,1
inkling,1
318,1
timely,1
consequences,1
noooooo,1
clunks,1
clasped,1
105,1
blackandwhite,1
spinnets,1
streams,1
smudges,1
satisfactory,1
laced,1
237,1
sympathetically,1
wandpoint,1
blackrobed,1
bbill,1
threatened,1
kindfaced,1
hex,1
fa,1
miniature,1
dr,1
brawling,1
blazes,1
trains,1
hooked,1
ars,1
search,1
antics,1
dangeroussaid,1
20,1
pudgy,1
shears,1
ouch,1
tamng,1
folds,1
dozed,1
harelip,1
crane,1
weapons,1
explosive,1
splintered,1
abnormality,1
appeal,1
gateways,1
roguish,1
generous,1
hopin,1
nursing,1
axe,1
magnetically,1
sports,1
lefthanded,1
fanning,1
drunk,1
forbade,1
rumpled,1
325,1
fruit,1
fishy,1
feed,1
hearth,1
tunnels,1
sweaters,1
issue,1
packages,1
tangerine,1
convention,1
stalked,1
riddled,1
wiggling,1
toothpick,1
hurled,1
lift,1
rocky,1
misleading,1
yelps,1
hetty,1
sample,1
spoons,1
properties,1
startin,1
142,1
educated,1
parentage,1
pursing,1
mopping,1
receded,1
complaining,1
retreated,1
crisply,1
abject,1
swift,1
sticky,1
catchpole,1
scuffling,1
immersed,1
grans,1
talkative,1
jaws,1
loathed,1
blackandgold,1
hiya,1
topmost,1
rue,1
sprawl,1
snatches,1
spellbook,1
entrancing,1
arty,1
twitched,1
bungled,1
sympathetic,1
compliments,1
coffee,1
ets,1
thump,1
lady,1
thuggish,1
flowery,1
labels,1
knowledgeably,1
refused,1
matteroffact,1
panicking,1
knocker,1
bonnet,1
sour,1
soften,1
heartshaped,1
croaky,1
remarkably,1
trusting,1
swam,1
temples,1
degnomings,1
diago,1
holder,1
1230,1
murmur,1
keeper,1
palest,1
seethrough,1
writings,1
silvery,1
56,1
teastrainer,1
melon,1
aimed,1
sensitive,1
ferrets,1
service,1
miranda,1
abashed,1
airplanes,1
zap,1
127,1
blotched,1
lavender,1
withdrew,1
overridden,1
raindrenched,1
bandaged,1
eral,1
sniffing,1
clearer,1
ancestor,1
husband,1
magicking,1
apron,1
zigzagging,1
prudent,1
wipers,1
bedraggled,1
invasion,1
tabletop,1
fames,1
skeletal,1
connect,1
serpensortia,1
211,1
sickened,1
smoothed,1
295,1
diet,1
scannedocr,1
slices,1
touching,1
features,1
seekers,1
paralyzed,1
secondfloor,1
mimsyporpington,1
kent,1
bearded,1
transforms,1
wears,1
wming,1
gown,1
crystal,1
momentarily,1
hints,1
reflecting,1
watchful,1
oaf,1
halfdarkness,1
lightness,1
nicely,1
schoolbooks,1
slap,1
reduced,1
delaneypodmore,1
flu,1
torture,1
basis,1
reputa,1
warmly,1
revolted,1
strangest,1
hovercraft,1
leash,1
scheme,1
scrunched,1
flowered,1
knucklelike,1
exhaust,1
wo,1
twinge,1
positioned,1
bemusedly,1
lanterns,1
platters,1
intense,1
165,1
armenian,1
49,1
elegant,1
bickering,1
tersely,1
indistinct,1
sin,1
spiraled,1
inept,1
thousands,1
snide,1
warmup,1
elbowed,1
grazing,1
visits,1
stripped,1
english,1
twelfth,1
knowwhos,1
butter,1
stampeded,1
mandragora,1
menacing,1
woeful,1
accompanying,1
twoweek,1
flaking,1
combative,1
blocking,1
badger,1
justins,1
greedy,1
minding,1
bath,1
tailless,1
shakily,1
blackmail,1
patrol,1
romania,1
knuts,1
glances,1
trotting,1
torrential,1
soo,1
trapped,1
hassle,1
bandy,1
grandfather,1
irksome,1
mosag,1
torn,1
prefer,1
waddling,1
children,1
befall,1
budgies,1
youngest,1
entertainment,1
lurch,1
222,1
controlling,1
suspects,1
sickening,1
lightened,1
allnew,1
foothigh,1
youhe,1
recovering,1
gloomiest,1
forgery,1
restore,1
resisting,1
gilded,1
exiting,1
blamed,1
hatching,1
revealing,1
merits,1
rhinoceros,1
results,1
guests,1
hangmans,1
63,1
pletely,1
s1,1
pesternomi,1
seeking,1
privately,1
published,1
absorbing,1
matteroffacdy,1
singlehanded,1
mmillicent,1
marking,1
sneezed,1
prearranged,1
deny,1
explosion,1
306,1
patience,1
currently,1
glorious,1
flabbergasted,1
receding,1
amounts,1
warbeck,1
insert,1
pub,1
65,1
mountains,1
fiiling,1
scores,1
pepperup,1
portly,1
dampspotted,1
r	eleven,1
225,1
halfforgotten,1
235,1
conversations,1
studies,1
312,1
cle,1
protect,1
supposing,1
potato,1
japes,1
cajolingly,1
smash,1
awestruck,1
immobilizing,1
historical,1
thrusting,1
noisily,1
boils,1
265,1
brat,1
and,1
heartstopping,1
bump,1
hips,1
weakness,1
plunderer,1
leered,1
scruff,1
shrieks,1
mighta,1
121,1
squelched,1
translucent,1
keyhole,1
cats,1
whooshing,1
masklike,1
owns,1
shouldntve,1
cen,1
creating,1
hauled,1
apoplectic,1
buckets,1
attitude,1
january,1
safer,1
divination,1
dense,1
thats,1
rriddle,1
contrary,1
paragraph,1
tshirt,1
fungus,1
tearstained,1
pacing,1
murdering,1
swellings,1
210,1
scrapped,1
evaporate,1
thirteenth,1
pored,1
wideeyed,1
starry,1
stalks,1
stiffen,1
nnow,1
deafening,1
smart,1
matched,1
62,1
tether,1
schedules,1
bawling,1
damaged,1
winked,1
medieval,1
volunteer,1
stubbornly,1
enjoyable,1
lowering,1
bloom,1
columns,1
jam,1
slowed,1
enchantment,1
poker,1
star,1
quelling,1
villages,1
dented,1
rockets,1
yehd,1
engorgement,1
nicholas,1
lank,1
professors,1
faster,1
moleskin,1
wickedly,1
holiday,1
stoop,1
floodlit,1
discover,1
339,1
pounded,1
perkins,1
snowwhite,1
bly,1
tart,1
cornish,1
photographic,1
european,1
effects,1
boot,1
generations,1
manning,1
release,1
glued,1
preserving,1
watered,1
bombard,1
jacket,1
flailed,1
squarely,1
cups,1
gratefully,1
backtracked,1
idiot,1
forces,1
flattened,1
quickstep,1
consumed,1
2v8,1
pat,1
tingling,1
peak,1
333,1
repainted,1
leaf,1
mundungus,1
paddock,1
walloped,1
fairer,1
admiring,1
fans,1
123,1
easylearn,1
rings,1
underfed,1
shad,1
anyones,1
reproving,1
clawfooted,1
215,1
auntie,1
delivering,1
scrawling,1
jabbed,1
considering,1
apologetically,1
unhappy,1
choking,1
afford,1
1	what,1
skeletons,1
careening,1
balloon,1
nervousness,1
jolly,1
drawling,1
rarely,1
wwriting,1
skidding,1
hocus,1
13,1
secondyear,1
handfuls,1
gnashed,1
tad,1
spelling,1
slobbering,1
aquiver,1
dipping,1
learn,1
venoms,1
privacy,1
speckling,1
threats,1
arranged,1
confirmed,1
millicents,1
moonlit,1
inject,1
forsaken,1
mild,1
impaled,1
tumbling,1
viciously,1
trousers,1
punch,1
east,1
witching,1
advised,1
cases,1
ble,1
spectacularly,1
gladys,1
mewling,1
tarlike,1
varied,1
157,1
lofty,1
191,1
bloodsuckin,1
blushed,1
overcome,1
obvi,1
lipped,1
pity,1
whatsaid,1
beam,1
emptying,1
wring,1
devil,1
peeling,1
presume,1
y5,1
contained,1
modern,1
comments,1
mock,1
effective,1
182,1
lumbered,1
enchantments,1
route,1
solitary,1
disappoint,1
spawn,1
limelight,1
66,1
battering,1
gudgeon,1
stares,1
relatives,1
bishops,1
muscle,1
thankfully,1
rammed,1
gasps,1
squiggly,1
borrowing,1
encouragingly,1
fortune,1
extracted,1
animals,1
pit,1
uppercut,1
94,1
sparking,1
demanded,1
townsfolk,1
doubted,1
reconstructions,1
stowed,1
neverve,1
surlylooking,1
pitched,1
engraving,1
nineteen,1
brushing,1
irritablelooking,1
newcomers,1
dampened,1
sheaf,1
lamented,1
137,1
descendants,1
entrust,1
outdoor,1
kinder,1
regrets,1
forcing,1
struggled,1
giggling,1
trimmed,1
rips,1
reverently,1
barn,1
softened,1
ioiking,1
clanged,1
proclaimed,1
the	whomping,1
mournfully,1
tantrums,1
meaningful,1
161,1
tomorrows,1
storming,1
wear,1
opponent,1
drumroll,1
undaunted,1
fraillooking,1
recommend,1
sweetums,1
jackets,1
tonights,1
leathery,1
cite,1
embarrassedly,1
crop,1
perfume,1
rampaging,1
severed,1
revolving,1
heed,1
unsporting,1
unavailable,1
valiantly,1
sil,1
wholeheartedly,1
gibbering,1
supplies,1
hats,1
deliciouslooking,1
torturing,1
missiles,1
plastered,1
bracingly,1
151,1
hinges,1
saucepan,1
bustled,1
loosening,1
printed,1
moody,1
wizened,1
robbery,1
delicately,1
whitehot,1
lonely,1
muuuum,1
cramped,1
vest,1
breathless,1
streamed,1
ringing,1
sinew,1
motheaten,1
halted,1
tiptoes,1
dewhiskered,1
undergrowth,1
resurfaced,1
nonplussed,1
tentative,1
rulebreaker,1
impressive,1
absently,1
performed,1
sponging,1
attaaaack,1
crisscrossing,1
limericks,1
squid,1
recorded,1
fleeting,1
yearold,1
differences,1
tolerate,1
visiting,1
bolted,1
require,1
outstripped,1
conducting,1
altitude,1
innumerable,1
caused,1
weekend,1
disapproval,1
ruff,1
stampede,1
clueless,1
262,1
suspecting,1
duster,1
grades,1
shoulderlength,1
inspired,1
supply,1
tapestry,1
129,1
troupe,1
sulkily,1
prematch,1
legendary,1
barging,1
wisps,1
warming,1
dodged,1
reward,1
disregard,1
worryingly,1
sensing,1
tinkering,1
76,1
marathon,1
muffs,1
tentacula,1
melt,1
inky,1
rollers,1
wizards,1
founded,1
whereas,1
gesturing,1
2l2,1
medal,1
blabbing,1
jammed,1
sabers,1
rr		o,1
ssit,1
bared,1
degnoming,1
abandoning,1
dividing,1
plummeting,1
python,1
aquamarine,1
tard,1
vainly,1
truthful,1
remover,1
lettuce,1
toppling,1
baring,1
mistletoe,1
butt,1
thirteenyearold,1
distractedly,1
attempts,1
unhappier,1
kills,1
talons,1
1522,1
paler,1
headline,1
blurted,1
ominously,1
bigheaded,1
electric,1
mauve,1
suppressing,1
bogies,1
wrecked,1
salmon,1
grant,1
acrid,1
clijib,1
snarling,1
growl,1
bark,1
affair,1
depths,1
underwent,1
advertisement,1
kissing,1
mmagic,1
humble,1
wad,1
doctor,1
burly,1
detentions,1
boomerang,1
zigzagged,1
bundles,1
settles,1
accepted,1
192,1
handknitted,1
shouts,1
elephant,1
weakchinned,1
steeply,1
morrow,1
cleaned,1
jumpy,1
chew,1
gambol,1
bayliss,1
80,1
reeling,1
myth,1
ruffle,1
appreciatively,1
devastation,1
khaki,1
hut,1
sorrylooking,1
theirs,1
rockfall,1
digging,1
324,1
340,1
lasso,1
pretty,1
dragons,1
poisons,1
quality,1
boughs,1
drakes,1
paternally,1
freshly,1
lingered,1
ridden,1
ray,1
evilsmelling,1
deliberately,1
smack,1
coop,1
agitation,1
merit,1
bucket,1
301,1
spattered,1
mustnotbenamed,1
flap,1
roundfaced,1
overcast,1
haircare,1
crazed,1
appearance,1
seller,1
plastic,1
fearful,1
ccat,1
loading,1
addressing,1
specimen,1
fi,1
furfree,1
version,1
plaque,1
50,1
picturesll,1
criticize,1
jinxed,1
rot,1
transmogrifian,1
agreement,1
145,1
sping,1
persecution,1
cuff,1
interrogating,1
imaginary,1
revealer,1
snagging,1
anxiety,1
sends,1
abilities,1
unanswerable,1
fuss,1
stooping,1
57,1
applauded,1
faulty,1
assembled,1
smug,1
anytime,1
measure,1
trance,1
opponents,1
blizzard,1
decrepitlooking,1
chosen,1
haircut,1
45,1
pinstriped,1
swathed,1
diving,1
mutinous,1
aspect,1
spinetingling,1
shrewdly,1
amused,1
blinded,1
coiling,1
wellsaid,1
pocus,1
sole,1
churches,1
sacks,1
bitter,1
triumphed,1
skirting,1
ward,1
stupefied,1
aparecium,1
commotion,1
raced,1
216,1
harmed,1
dreamily,1
ruffled,1
glide,1
buttering,1
forgetmenot,1
hears,1
securely,1
importance,1
distantly,1
grisly,1
december,1
smithereens,1
pigging,1
fined,1
loaded,1
urging,1
tugged,1
ddid,1
bloodred,1
meantime,1
v10,1
gratitude,1
tiger,1
candle,1
transfigure,1
glowering,1
related,1
agonizing,1
plucking,1
bunch,1
bloods,1
strolling,1
locating,1
auburn,1
raucous,1
heels,1
chambers,1
absence,1
qualities,1
celebration,1
