the,4987
and,2613
to,2552
a,2108
of,2024
harry,1825
he,1821
was,1648
his,1468
said,1436
it,1225
in,1193
you,1150
i,964
had,888
at,801
that,801
on,727
him,719
ron,689
as,657
with,649
hermione,603
they,588
but,556
for,529
out,491
up,473
were,449
professor,395
her,394
what,392
be,391
them,387
all,373
lupin,369
from,364
have,355
into,354
there,352
back,348
this,333
black,326
me,318
she,317
then,304
if,288
been,282
down,279
one,276
very,274
an,269
so,267
not,266
no,259
who,258
its,254
we,253
is,251
their,247
about,242
around,241
like,240
looked,235
could,224
now,223
see,221
off,219
over,217
again,216
got,213
hagrid,206
snape,206
your,203
my,201
didnt,200
get,196
do,190
by,188
know,187
just,184
when,183
well,181
harrys,180
still,179
go,176
eyes,176
would,174
did,172
dont,170
time,166
though,165
face,163
are,163
how,161
going,159
looking,159
right,158
more,148
think,147
malfoy,146
dumbledore,146
too,144
saw,140
come,139
before,137
only,136
door,134
head,134
voice,134
im,133
away,133
sirius,133
after,130
toward,129
hes,128
will,127
himself,127
look,125
something,125
than,121
here,120
through,120
heard,119
behind,119
or,118
last,118
hand,116
can,114
wand,114
where,113
gryffindor,112
ever,112
turned,111
room,109
never,107
scabbers,106
which,106
next,104
way,104
told,102
thought,102
went,101
us,100
fudge,100
good,100
dementors,99
neville,98
because,97
weasley,96
mcgonagall,96
potter,96
front,95
hed,95
long,95
made,95
came,94
other,93
ill,93
two,91
first,91
moment,90
crookshanks,90
some,89
aunt,89
pettigrew,88
inside,87
hogwarts,87
want,87
seemed,86
table,85
left,85
took,85
knew,84
madam,83
wasnt,83
why,83
even,82
uncle,82
under,82
suddenly,82
against,81
once,81
large,81
castle,80
really,80
trying,79
tell,79
dark,79
anything,79
class,79
wood,79
felt,78
hands,78
three,77
let,77
great,76
thing,76
any,76
make,76
youre,75
much,75
buckbeak,75
say,74
couldnt,74
ive,74
fred,73
hear,73
cant,72
firebolt,72
bed,72
feet,71
open,71
need,70
put,69
another,69
little,69
trelawney,68
oh,68
stood,68
across,68
gave,68
sure,67
cloak,67
people,67
year,67
few,66
seen,66
school,66
has,66
rons,65
yes,65
take,64
help,64
vernon,63
night,63
magic,63
gone,63
end,62
staring,62
every,62
hogsmeade,61
weve,61
better,61
most,61
pulled,61
both,60
mr,60
percy,60
everyone,60
onto,60
thats,59
old,59
whispered,59
bit,58
hall,58
george,58
id,58
forward,57
quickly,57
hagrids,57
keep,57
along,56
happened,56
without,56
whats,56
while,56
enough,55
theres,55
set,54
reached,54
floor,54
quidditch,53
hair,53
team,53
each,53
our,53
done,53
rest,53
must,52
new,52
sat,52
wouldnt,52
until,52
marge,52
mind,52
started,52
nothing,51
doing,51
might,51
asked,51
map,50
day,50
blacks,50
years,50
should,50
match,50
youve,50
own,49
ter,49
began,49
yet,49
slytherin,49
boy,48
robes,48
rat,48
sight,48
stan,48
opened,48
side,48
air,48
peter,47
tried,47
outside,47
quite,47
course,47
slowly,47
dear,47
small,47
yeh,47
azkaban,47
broom,46
else,46
dementor,46
muttered,46
window,46
quietly,46
mouth,45
yelled,45
arm,45
fell,45
best,45
yeah,44
mean,44
anyone,43
field,43
wont,43
okay,43
standing,42
later,42
common,42
found,42
feeling,42
ministry,41
dog,41
life,41
minutes,41
books,41
coming,41
hard,41
snitch,41
leave,40
please,40
already,40
talking,40
trunk,40
cup,40
things,40
find,40
stared,40
believe,40
wizard,40
wanted,40
snapes,39
sitting,39
kept,39
grounds,39
ground,39
whole,39
being,39
give,39
dead,39
stop,39
slightly,38
lost,38
hippogriff,38
crowd,38
full,38
getting,38
called,38
those,37
pomfrey,37
watching,37
happy,37
youll,37
hermiones,37
thinking,37
empty,37
father,36
voldemort,36
man,36
sit,36
same,36
these,36
between,36
turn,36
tower,36
second,36
feel,36
tea,36
cold,36
hadnt,36
moved,36
case,36
havent,36
run,36
am,36
watched,36
stopped,36
hit,35
youd,35
however,35
move,35
able,35
morning,35
lupins,35
together,35
caught,35
dad,35
crabbe,35
classroom,34
boggart,34
light,34
witch,34
nearly,34
ten,34
tiny,34
ask,34
house,34
owl,34
raised,33
minister,33
top,33
read,33
past,33
staircase,33
er,33
malfoys,33
enormous,33
work,33
telling,33
book,33
expecto,32
roared,32
appeared,32
entrance,32
pocket,32
sorry,32
sort,32
sound,32
bag,32
listen,32
place,32
goyle,32
shut,31
always,31
office,31
shaking,31
close,31
lot,31
ravenclaw,31
understand,31
corner,31
either,31
kill,31
shouted,31
james,31
held,31
taking,30
holding,30
loudly,30
friends,30
magical,30
someone,30
shoulder,30
petunia,30
five,30
pointing,30
making,30
walked,30
watch,29
climbed,29
chest,29
parents,29
teacher,29
lesson,29
rather,29
eye,29
remember,29
pointed,29
seized,29
taken,29
corridor,29
picked,29
many,29
shes,29
supposed,29
everything,28
fast,28
tree,28
times,28
parchment,28
neck,28
word,28
usual,28
patronus,28
breath,28
idea,28
theyre,28
thin,28
almost,28
fat,27
christmas,27
bus,27
noise,27
moving,27
chocolate,27
followed,27
defense,27
lavender,27
werewolf,27
alone,27
since,27
creatures,27
fire,27
extremely,26
form,26
muggles,26
speak,26
person,26
cat,26
silver,26
patronum,26
use,26
red,26
silence,26
near,26
severus,25
stay,25
words,25
leg,25
threw,25
points,25
portrait,25
indeed,25
leaving,25
wrong,25
dursleys,25
dangerous,25
catch,25
steps,25
does,25
hundred,25
headmaster,25
finally,25
except,25
isnt,25
students,25
trouble,25
chair,25
loud,25
walking,25
try,25
heart,25
closed,25
arts,25
invisibility,25
point,25
quiet,25
start,25
stand,24
saying,24
mrs,24
train,24
chapter,24
foot,24
aside,24
gold,24
screaming,24
muggle,24
ern,24
passed,24
broke,24
finished,24
hurried,24
sir,24
hedwig,24
running,24
shall,24
themselves,24
killed,24
stomach,23
used,23
fact,23
horrible,23
teachers,23
letter,23
beneath,23
such,23
glasses,23
bad,23
several,23
forest,23
gasped,23
least,23
burst,23
huge,23
wall,22
theyd,22
name,22
low,22
wing,22
doors,22
innocent,22
meant,22
met,22
heads,22
white,22
wait,22
desk,22
mum,22
completely,22
listening,22
care,22
third,22
rosmerta,22
week,22
arms,22
willow,22
died,22
sign,22
wind,22
chance,22
honeydukes,22
reckon,22
street,22
hope,21
thick,21
whether,21
yourself,21
above,21
filch,21
hole,21
tail,21
seconds,21
visit,21
death,21
real,21
ear,21
dyou,21
knight,21
call,21
doesnt,21
quick,21
cabin,21
divination,21
theyve,21
worse,21
wizards,21
lying,21
hold,21
straight,21
ready,20
starting,20
werent,20
trelawneys,20
having,20
perhaps,20
hissed,20
herself,20
sent,20
talk,20
tears,20
hospital,20
upon,20
world,20
voices,20
crystal,20
fingers,20
nobody,20
dudley,20
looks,20
half,20
shot,20
ran,20
mad,20
ahead,19
grim,19
exactly,19
news,19
friend,19
furiously,19
turning,19
kind,19
angry,19
cage,19
twelve,19
instead,19
miss,19
parvati,19
whose,19
ears,19
glass,19
certainly,19
managed,19
far,19
lets,19
worst,19
tonight,19
became,19
backward,19
trees,19
hours,19
legs,19
clear,19
scared,19
beside,19
brought,19
laughter,19
approached,18
continued,18
peeves,18
stuff,18
broomstick,18
stone,18
hidden,18
given,18
pulling,18
story,18
disappeared,18
lay,18
free,18
rain,18
o,18
buckbeaks,18
hiding,18
entered,18
deserted,18
excellent,18
broken,18
terrible,18
upstairs,18
snapped,18
matter,18
flitwick,18
direction,18
deep,18
carrying,18
wearing,18
true,18
memory,18
windows,18
laughing,17
happen,17
dropped,17
abruptly,17
cauldron,17
green,17
glanced,17
fine,17
ginny,17
eat,17
apart,17
strode,17
soon,17
granger,17
water,17
family,17
boys,17
headed,17
wings,17
probably,17
truth,17
grabbed,17
lily,17
nose,17
pair,17
arrived,17
picture,17
committee,17
teeth,17
dean,17
roots,17
vanished,17
nervously,17
unless,17
hooch,17
smile,17
darkness,17
stairs,17
number,17
term,17
nearer,17
big,17
youknowwho,17
don,16
em,16
covered,16
afraid,16
pushed,16
needed,16
throat,16
potion,16
grass,16
today,16
ah,16
wants,16
sank,16
angelina,16
answer,16
reason,16
permission,16
job,16
playing,16
potters,16
late,16
lake,16
knows,16
tight,16
carefully,16
knees,16
break,16
stupid,16
thank,16
closely,16
bottle,16
tightly,16
walk,16
allowed,16
lady,16
hat,16
hardly,16
shook,16
seamus,16
footsteps,16
waited,16
wands,16
gryffindors,16
seem,16
worried,15
katie,15
present,15
classes,15
furious,15
within,15
alicia,15
snarled,15
opposite,15
nimbus,15
none,15
flew,15
rolled,15
remus,15
particularly,15
myself,15
holidays,15
days,15
whomping,15
essay,15
paper,15
happily,15
sudden,15
vernons,15
closer,15
dormitory,15
mother,15
nasty,15
bags,15
wizarding,15
goal,15
ball,15
view,15
birthday,15
fighting,15
hurt,15
slytherins,15
high,15
glittering,15
edge,15
led,15
marauders,15
pettigrews,15
slipped,15
locked,15
forced,15
lord,15
ago,15
sleep,15
spoke,15
asleep,15
working,15
laugh,15
added,15
won,15
wondering,14
lunch,14
helping,14
ceiling,14
hell,14
fallen,14
shop,14
forget,14
rope,14
summer,14
bent,14
leapt,14
four,14
ink,14
hippogriffs,14
hufflepuff,14
grip,14
leaky,14
gazing,14
others,14
somebody,14
crack,14
fifty,14
cho,14
poor,14
homework,14
win,14
oliver,14
twenty,14
breakfast,14
hesitated,14
piece,14
impossible,14
die,14
fall,14
decided,14
middle,14
pleased,14
finger,14
brown,14
heavy,14
waiting,14
tom,14
sharply,14
car,14
daily,14
game,14
longbottom,14
alive,14
funny,14
seeing,14
slid,14
prophet,14
seriously,14
filled,13
explain,13
expression,13
escaped,13
landed,13
halt,13
joined,13
grinning,13
arithmancy,13
cadogan,13
secretkeeper,13
repeated,13
girl,13
thanks,13
feast,13
spent,13
safe,13
become,13
attack,13
future,13
knocked,13
bar,13
notice,13
leaned,13
macnair,13
pain,13
definitely,13
practice,13
gray,13
butterbeer,13
live,13
passage,13
angrily,13
soft,13
sky,13
forgotten,13
box,13
oclock,13
flat,13
hour,13
evening,13
frowning,13
dare,13
final,13
waving,13
dumbledores,13
fixed,13
smiling,13
cried,13
walls,13
familiar,13
seeker,13
bet,13
cross,13
says,13
fence,13
rose,13
also,13
minute,13
maybe,13
subject,12
speaking,12
moon,12
using,12
tomorrow,12
prongs,12
saved,12
ladder,12
skin,12
wide,12
bin,12
difficult,12
giving,12
seat,12
beak,12
oneeyed,12
realized,12
bludger,12
hoped,12
lucky,12
marble,12
tunnel,12
longer,12
theyll,12
nodded,12
figure,12
stepped,12
london,12
eh,12
frightened,12
missed,12
shrieking,12
quaffle,12
flying,12
different,12
expect,12
wardrobe,12
clearly,12
leaves,12
drive,12
spotted,12
twice,12
wiping,12
note,12
helped,12
charm,12
effort,12
single,12
expelled,12
breaking,12
shadows,12
change,12
putting,12
cut,12
short,12
ones,12
scarlet,12
blood,12
beat,12
hasnt,12
suppose,12
muttering,12
tables,12
midair,12
marges,11
charms,11
serious,11
lose,11
stuck,11
page,11
lessons,11
laughed,11
broomsticks,11
screamed,11
falling,11
afternoon,11
terrified,11
possession,11
checking,11
excitedly,11
forbidden,11
heading,11
soared,11
six,11
inches,11
silent,11
trembling,11
confused,11
cornelius,11
obviously,11
snap,11
lowered,11
escape,11
joke,11
stretched,11
strong,11
flint,11
ripped,11
return,11
send,11
diagon,11
known,11
force,11
packed,11
alley,11
meet,11
wheres,11
thrown,11
warning,11
question,11
ages,11
thomas,11
join,11
betrayed,11
worry,11
whod,11
gleaming,11
bound,11
shining,11
louder,11
barely,11
anyway,11
branches,11
less,11
bellowed,11
ward,11
riddikulus,11
harder,10
conversation,10
among,10
highly,10
exam,10
remembered,10
moments,10
owls,10
peered,10
compartment,10
hurrying,10
cheering,10
growing,10
woke,10
hot,10
monster,10
deal,10
jumped,10
drew,10
arent,10
bring,10
below,10
seven,10
money,10
weasleys,10
reach,10
careful,10
stadium,10
anymore,10
group,10
itself,10
handle,10
doubt,10
clutched,10
loads,10
struggling,10
beaming,10
sighed,10
staying,10
tied,10
thirteen,10
immediately,10
golden,10
anybody,10
excited,10
check,10
round,10
carried,10
potions,10
parlor,10
animal,10
trust,10
deeply,10
suspiciously,10
whatever,10
fly,10
beyond,10
possible,10
spot,10
weeks,10
bang,10
pale,10
rats,10
cupboard,10
write,10
fear,10
applause,10
attention,10
dogs,10
forgot,10
surprise,10
heaved,10
patch,10
hanging,10
examining,10
calmly,10
fault,10
weird,10
voldemorts,10
ouch,10
search,10
calm,10
mud,10
lower,10
sun,10
silvery,10
fer,10
village,10
paused,10
knowing,10
itll,10
step,10
errol,10
delighted,10
whisper,10
corridors,10
wormtail,10
returned,10
pumpkin,10
stuffed,10
sneakoscope,10
executioner,10
line,10
imagine,10
balls,10
grin,10
weight,10
changed,10
zonkos,10
growled,10
means,10
secret,10
sideways,10
bright,10
hedwigs,10
thousand,10
thoughts,10
living,10
fog,9
noticing,9
often,9
sense,9
odd,9
shouldnt,9
rise,9
everywhere,9
dying,9
perfectly,9
safety,9
show,9
softly,9
sleeping,9
breathed,9
honestly,9
jus,9
yellow,9
stunned,9
shouting,9
sounded,9
security,9
smiled,9
jug,9
teaching,9
jordan,9
panting,9
goin,9
crossed,9
spat,9
crept,9
nervous,9
pounding,9
godfather,9
privet,9
interrupted,9
finnigan,9
giant,9
upward,9
clutching,9
glad,9
croaked,9
padfoot,9
realize,9
anxiously,9
sharp,9
gotten,9
bottom,9
wave,9
goblet,9
distant,9
creature,9
spend,9
pink,9
garden,9
history,9
zoomed,9
miserable,9
squealed,9
bedside,9
weak,9
wed,9
student,9
guards,9
moony,9
crowded,9
anger,9
posts,9
spread,9
halfway,9
order,9
lights,9
save,9
young,9
floating,9
fight,9
nine,9
heavily,9
penalty,9
silently,9
clenched,9
disposal,9
express,9
crookshankss,9
tankard,9
breathing,9
card,9
fiercely,9
murdered,9
cleared,9
whos,9
shortly,9
checked,9
noticed,9
fist,9
bell,9
studies,9
platform,9
fury,9
startled,9
nice,9
forehead,9
placed,9
early,9
drink,9
weather,9
shock,9
information,9
bank,9
strange,9
shrilly,9
whistle,9
lee,9
choked,9
pass,9
law,9
handed,9
nearest,8
servant,8
lips,8
tore,8
password,8
surprised,8
mustnt,8
orange,8
reading,8
unfogging,8
copy,8
luck,8
certain,8
teacup,8
faces,8
asking,8
firmly,8
trapdoor,8
shape,8
whipped,8
month,8
sweets,8
couple,8
station,8
blew,8
fourth,8
quill,8
kicked,8
kiss,8
failed,8
passing,8
jaw,8
awake,8
worth,8
properly,8
statue,8
library,8
badge,8
mood,8
percys,8
moaned,8
lives,8
grindylow,8
yours,8
lit,8
split,8
earth,8
scar,8
extraordinary,8
keeping,8
diggory,8
purple,8
impression,8
during,8
excuse,8
scrambled,8
favorite,8
scabberss,8
cloud,8
ripper,8
thoughtfully,8
usually,8
bow,8
darted,8
excitement,8
seems,8
dinner,8
wonder,8
bought,8
terror,8
flung,8
daresay,8
fellow,8
madly,8
anywhere,8
wildly,8
wheeled,8
sweat,8
bleeding,8
color,8
detention,8
dragging,8
knot,8
hang,8
follow,8
dashed,8
shed,8
lie,8
knock,8
pressed,8
mistake,8
clean,8
transfiguration,8
finish,8
milk,8
hangings,8
lifted,8
sounds,8
transformed,8
lead,8
intently,8
ate,8
brandy,8
easy,8
home,8
company,8
easily,8
bursting,8
squeaked,8
post,8
paddock,8
pieces,8
pity,8
nevilles,8
tone,8
pretending,8
bole,8
gigantic,8
socks,8
panic,8
directly,8
awkwardly,8
mist,8
expected,8
telephone,8
transform,8
pull,8
speed,8
shack,8
midnight,8
skidded,7
television,7
hurry,7
wiped,7
dozen,7
gotta,7
unusual,7
plainly,7
magnificent,7
act,7
dangling,7
buy,7
men,7
inch,7
drifting,7
mustve,7
pillow,7
facing,7
trolls,7
rooms,7
knife,7
faced,7
touch,7
drank,7
fudges,7
hung,7
lamps,7
tricks,7
armchair,7
opening,7
sounding,7
bedroom,7
stick,7
welcome,7
lock,7
beds,7
everybody,7
brooms,7
discussing,7
lump,7
difficulty,7
thud,7
love,7
body,7
wooden,7
landing,7
dreading,7
nor,7
twisted,7
firebolts,7
hello,7
relieved,7
galleons,7
normal,7
alarm,7
plate,7
ended,7
manager,7
kitchen,7
slip,7
sped,7
cloaks,7
unable,7
ride,7
shadowy,7
ice,7
hide,7
fought,7
ginger,7
impressed,7
trick,7
useful,7
control,7
emerged,7
yer,7
cheerful,7
gathered,7
murder,7
apparently,7
seats,7
flourish,7
following,7
convinced,7
climb,7
party,7
ignoring,7
wish,7
motionless,7
problem,7
presents,7
teach,7
rage,7
played,7
avoid,7
bitterly,7
passwords,7
teams,7
whirled,7
spy,7
bearing,7
tall,7
weakly,7
happiness,7
damage,7
dream,7
tucked,7
ernie,7
paid,7
danger,7
dressed,7
obvious,7
vision,7
pet,7
rising,7
recognized,7
egypt,7
planted,7
panted,7
behavior,7
spiral,7
animagus,7
handsome,7
hoping,7
firs,7
goes,7
part,7
surely,7
hood,7
halloween,7
draco,7
powers,7
downstairs,7
matters,7
penelope,7
werewolves,7
shoulders,7
strength,7
sticking,7
unpleasant,7
proceeded,7
fang,7
children,7
envelope,7
breathlessly,7
cats,7
animagi,7
draw,7
faintly,7
parcel,7
pages,7
kindly,7
business,7
snow,7
rules,7
plenty,7
striding,7
pairs,7
trip,7
subjects,7
interested,7
shrieked,7
squinted,7
fathers,7
lip,7
shadow,7
curiously,7
slammed,7
narrow,7
brain,7
likely,7
showed,7
supporters,7
heels,7
inner,6
worked,6
staff,6
slow,6
impatiently,6
jerked,6
counter,6
suitcase,6
shabby,6
sorts,6
wrote,6
disappear,6
throwing,6
pleading,6
wet,6
dusty,6
instructions,6
tapped,6
eagerly,6
hooded,6
swung,6
shooting,6
drawing,6
yelling,6
leading,6
kings,6
disappointed,6
hump,6
shapes,6
filthy,6
gloomily,6
famous,6
strangely,6
ordinary,6
spell,6
johnson,6
ignored,6
nodding,6
cmon,6
lawn,6
suit,6
stare,6
boring,6
marched,6
tonic,6
toad,6
swallowed,6
sick,6
proof,6
gringotts,6
cornered,6
relief,6
desperately,6
guardian,6
faint,6
count,6
food,6
claws,6
woman,6
exams,6
shopping,6
solid,6
abou,6
keeps,6
urged,6
casual,6
hundreds,6
bending,6
suspected,6
lid,6
remained,6
suggested,6
hopelessly,6
upset,6
blank,6
path,6
magnolia,6
shimmering,6
dress,6
somewhere,6
master,6
backed,6
wherever,6
bald,6
hoarsely,6
bowed,6
entrances,6
prediction,6
listened,6
visible,6
spitting,6
conjured,6
cover,6
execution,6
meeting,6
proud,6
dim,6
cars,6
makes,6
brightly,6
lightly,6
accidentally,6
avoiding,6
thoroughly,6
roar,6
ghosts,6
gaze,6
galloping,6
drifted,6
fifth,6
smashed,6
chain,6
feeble,6
edged,6
wake,6
ad,6
hows,6
invisible,6
grown,6
possibly,6
georges,6
seizing,6
rolling,6
shake,6
guard,6
anxious,6
removed,6
explained,6
badly,6
sibyll,6
simply,6
square,6
snorted,6
missing,6
places,6
loose,6
soul,6
astounded,6
schedule,6
advantage,6
easter,6
mcgonagalls,6
curse,6
picking,6
sensation,6
happening,6
mothers,6
pushing,6
folded,6
accompanied,6
informed,6
gap,6
hitting,6
twisting,6
grandmother,6
blinding,6
ancient,6
keeper,6
locker,6
beaky,6
peering,6
beard,6
crescent,6
rattling,6
winning,6
crash,6
spirits,6
fully,6
howling,6
interesting,6
fourposter,6
hearing,6
bush,6
pacing,6
gripping,6
omens,6
star,6
faster,6
brother,6
glancing,6
goodbye,6
fit,6
knocking,6
son,6
tie,6
witches,6
forcing,6
lap,6
happier,6
ridiculous,6
wonderful,6
tank,6
distance,6
closing,6
size,6
complete,6
effect,6
carriage,6
tethered,6
flash,6
manage,6
glaring,6
chart,6
smoke,6
recognize,5
barrier,5
received,5
photograph,5
rolls,5
hoochs,5
belonged,5
surrounded,5
heap,5
evil,5
briskly,5
pause,5
yehve,5
briefcase,5
bewildered,5
froze,5
extra,5
pockets,5
someones,5
october,5
leather,5
entirely,5
perfect,5
losing,5
glimpsed,5
thunder,5
sea,5
showing,5
unconscious,5
bulging,5
crammed,5
labeled,5
wan,5
unpleasantly,5
keen,5
freezing,5
haunted,5
success,5
bodies,5
power,5
newspaper,5
crouching,5
burning,5
shelves,5
gliding,5
heat,5
suck,5
swirling,5
dreamed,5
choice,5
st,5
remain,5
visited,5
siriuss,5
seventh,5
girls,5
ignore,5
searched,5
breeze,5
snatched,5
squeaking,5
enjoying,5
powerful,5
doorway,5
hissing,5
brave,5
tongue,5
shown,5
shaken,5
handing,5
reappeared,5
surface,5
horribly,5
earnestly,5
orb,5
entering,5
witchs,5
devoted,5
attempt,5
study,5
wouldve,5
barked,5
comes,5
reaching,5
merely,5
blown,5
mine,5
spellbooks,5
cause,5
dry,5
beans,5
pretend,5
nowhere,5
minds,5
prisoner,5
sneak,5
narrowed,5
straightened,5
maliciously,5
passageway,5
chances,5
purring,5
vault,5
patches,5
burden,5
delicious,5
whenever,5
thursday,5
bangs,5
touched,5
throw,5
clock,5
spectacles,5
pansy,5
sees,5
clamped,5
ruddy,5
prepared,5
acting,5
sobbing,5
admit,5
forever,5
e,5
chattering,5
fresh,5
aware,5
ere,5
captain,5
uncomfortably,5
miserably,5
candles,5
gets,5
drawers,5
mustache,5
bite,5
concentrating,5
hid,5
thundering,5
movement,5
criminal,5
sides,5
sprang,5
support,5
upright,5
basic,5
vampire,5
monday,5
shh,5
gulp,5
caps,5
collapse,5
shriek,5
bye,5
boarded,5
brilliant,5
sometimes,5
prefects,5
enter,5
journey,5
revenge,5
block,5
leap,5
feathers,5
therell,5
till,5
flickered,5
glinting,5
staggered,5
blinked,5
descended,5
ve,5
writing,5
battered,5
works,5
bitten,5
smooth,5
woken,5
sinking,5
poked,5
squeezed,5
plan,5
youknowoo,5
stands,5
list,5
grimly,5
scowled,5
searching,5
saturday,5
shivered,5
omen,5
rigid,5
derrick,5
coldly,5
rang,5
downward,5
months,5
albus,5
flatly,5
handful,5
guilty,5
fool,5
amount,5
training,5
chuckled,5
uncertainly,5
understood,5
packing,5
agreed,5
cellar,5
members,5
sunken,5
mount,5
constantly,5
appeal,5
axe,5
thickly,5
notes,5
outstretched,5
state,5
incident,5
therefore,5
refused,5
paw,5
paws,5
sleeve,5
beaters,5
horrified,5
glance,5
touching,5
pressing,5
brass,5
torn,5
mentioned,5
eleven,5
rubbing,5
broadly,5
deny,5
blotts,5
mildly,5
meanwhile,5
spider,5
opinion,5
monsters,5
sadly,5
cheer,5
blue,5
faded,5
frantically,5
leaning,5
dudleys,5
r,5
professors,5
especially,5
register,5
flattened,5
clicked,5
afford,5
sister,5
pavement,5
push,5
curtains,5
lucius,5
animals,5
advanced,5
member,5
tired,5
luggage,5
fair,5
foolish,5
swear,5
visiting,5
weekend,5
grinned,5
bared,5
untied,5
lightning,5
flashing,5
hut,5
assume,5
rejoin,5
eating,5
turns,5
pinstriped,5
frighten,5
s,5
tugged,5
offered,5
soaring,5
traveling,4
nights,4
surveying,4
sneaking,4
huddled,4
spending,4
jar,4
exploded,4
dive,4
savagely,4
astronomy,4
dripping,4
cared,4
practicing,4
crumpled,4
affect,4
beaten,4
pelted,4
11,4
worrying,4
tangle,4
steely,4
fluffy,4
promise,4
settled,4
becoming,4
sheets,4
pudding,4
ripping,4
glistening,4
special,4
beast,4
lazily,4
pop,4
dormitories,4
scanned,4
horse,4
puzzled,4
uncles,4
toes,4
icy,4
tense,4
answered,4
frantic,4
streaking,4
flitwicks,4
montague,4
handbook,4
normally,4
shrugged,4
insist,4
ways,4
chang,4
sobbed,4
discuss,4
forgive,4
eight,4
opportunity,4
passages,4
breakin,4
realizing,4
clouds,4
erupted,4
covering,4
cutting,4
pie,4
blink,4
hoisted,4
superb,4
tapping,4
dunno,4
sorted,4
juice,4
dads,4
wrapped,4
mention,4
desperate,4
collar,4
spoken,4
learned,4
smirked,4
mirror,4
action,4
tipped,4
scampered,4
thinks,4
heel,4
buying,4
enchanted,4
casting,4
curled,4
persuaded,4
cream,4
violently,4
palm,4
frozen,4
actually,4
darting,4
suspicious,4
molly,4
amazement,4
area,4
punishment,4
apparate,4
human,4
bear,4
popping,4
stans,4
battle,4
blurred,4
patted,4
fifteen,4
fascinating,4
echoed,4
sixth,4
drained,4
blow,4
consulted,4
prodded,4
ha,4
setting,4
nudged,4
jolt,4
sigh,4
trevor,4
ribs,4
warned,4
swelling,4
beater,4
pretended,4
package,4
needs,4
may,4
liked,4
distracted,4
warm,4
puffing,4
cords,4
outta,4
flobberworms,4
yell,4
witnesses,4
orders,4
gaunt,4
glint,4
moonlight,4
stray,4
horror,4
shrivelfig,4
names,4
stamped,4
toe,4
catching,4
wishing,4
clothes,4
whip,4
dot,4
settle,4
flashlight,4
outline,4
dressing,4
staffroom,4
sleepy,4
concentrate,4
official,4
west,4
crimson,4
doubled,4
dashing,4
swishing,4
buried,4
rapidly,4
tearing,4
eaten,4
shops,4
palmistry,4
fierce,4
chairs,4
coolly,4
rabbit,4
track,4
produce,4
informing,4
massaging,4
leads,4
acted,4
belt,4
dragged,4
banshee,4
figures,4
circular,4
humans,4
charge,4
jokes,4
greater,4
flexing,4
confiscated,4
heaving,4
wondered,4
whatre,4
oak,4
grab,4
upside,4
bother,4
lifting,4
difference,4
curious,4
sob,4
insides,4
sleeves,4
defiantly,4
clapping,4
appear,4
glowing,4
useless,4
perched,4
exhausted,4
booklist,4
spiders,4
mark,4
flames,4
quarter,4
insisted,4
feelings,4
crumpet,4
antidementor,4
blame,4
boggarts,4
cards,4
brutuss,4
illuminated,4
overhead,4
dursley,4
painfully,4
w,4
age,4
marsh,4
resigned,4
reply,4
deserves,4
swayed,4
jamess,4
yelping,4
expecting,4
talked,4
bandages,4
exchanged,4
blimey,4
bumping,4
shell,4
shifting,4
vast,4
pouring,4
cages,4
murderer,4
tap,4
further,4
timeturner,4
ordered,4
waved,4
kettle,4
sweep,4
bones,4
sneaked,4
stuffing,4
magically,4
driving,4
chained,4
deserved,4
gripped,4
merlin,4
blowing,4
cheerfully,4
clatter,4
squinting,4
sniggered,4
driver,4
changing,4
lurched,4
important,4
poured,4
errols,4
position,4
price,4
menagerie,4
wild,4
peoples,4
binky,4
boarhound,4
scored,4
yesterday,4
glimpse,4
woods,4
concerned,4
stinking,4
bottles,4
store,4
noisy,4
kick,4
limbs,4
shouldve,4
drops,4
flints,4
bony,4
slide,4
sprinted,4
evenings,4
underneath,4
club,4
sets,4
misty,4
jaws,4
armor,4
chose,4
twitched,4
argue,4
taught,4
seize,4
petrified,4
toast,4
including,4
glow,4
dissendium,4
rune,4
mounted,4
foul,4
teacups,4
cedric,4
remembering,4
spare,4
gum,4
mornin,4
hastily,4
wrist,4
howre,4
tip,4
untidy,4
fur,4
underage,4
pub,4
eyebrows,4
scores,4
chased,4
clapped,4
shiny,4
chaser,4
faking,4
begin,4
believed,4
murdering,4
astonishment,4
transformations,4
hinkypunk,4
medieval,4
enjoyable,4
letting,4
lowering,4
holiday,4
planning,4
hey,4
sword,4
apprehensive,4
killing,4
total,4
sparks,4
sneered,4
writhing,4
play,4
anyones,4
clever,4
dreadful,4
branch,4
advised,4
north,4
roaring,4
grindylows,4
drop,4
commentary,4
silly,4
brushing,4
supplies,4
hurriedly,4
gates,4
trusted,4
breathless,4
truly,4
whom,4
alarmed,4
stayed,4
talons,4
attempts,4
ingredients,4
blocked,4
hourglass,4
florean,4
shoved,4
quality,4
swinging,4
risk,4
dungeons,4
cool,4
rubbish,4
jinxed,4
bustling,4
noble,4
poltergeist,4
fuss,4
attacked,4
raising,4
warrington,4
guess,4
timidly,4
drag,4
bunch,4
biting,3
poppy,3
threequarters,3
highest,3
brilliantly,3
drain,3
arguing,3
charts,3
clunk,3
jumping,3
chunks,3
utmost,3
thas,3
pride,3
space,3
unicorn,3
herinione,3
earlier,3
circle,3
dart,3
dived,3
leaping,3
slept,3
tinkle,3
slithered,3
mug,3
bout,3
skull,3
righ,3
scream,3
glared,3
complex,3
purpose,3
tray,3
dealing,3
urgently,3
peevess,3
occurred,3
floors,3
shame,3
swarming,3
scaly,3
mend,3
macnairs,3
brood,3
progress,3
umbrellas,3
vaguely,3
goyles,3
petunias,3
boomed,3
acceleration,3
mummy,3
hopefully,3
shoving,3
pictures,3
firelight,3
loony,3
aloud,3
mischief,3
rid,3
itching,3
praying,3
beating,3
wandered,3
replaced,3
pleasant,3
glazed,3
involved,3
scratching,3
layer,3
conductor,3
previous,3
particular,3
yawned,3
stumbled,3
capable,3
reluctantly,3
gulping,3
mass,3
letters,3
flags,3
determined,3
echoing,3
sabotage,3
belong,3
shout,3
addressed,3
buzzing,3
hooting,3
admitted,3
neither,3
rotting,3
lied,3
minerva,3
lovely,3
managing,3
pleasure,3
forgetting,3
superior,3
goggling,3
crying,3
steady,3
album,3
mistaken,3
wandering,3
slapping,3
attend,3
houses,3
adding,3
tightened,3
lunged,3
gazed,3
cast,3
report,3
creak,3
moren,3
sake,3
knuckles,3
painting,3
girlfriend,3
loopy,3
handbag,3
biggest,3
counting,3
waxy,3
balance,3
desks,3
level,3
driven,3
kappas,3
uneven,3
prompted,3
definite,3
cautiously,3
outraged,3
beheading,3
prowling,3
scattering,3
desire,3
couldve,3
distressed,3
sparkling,3
upper,3
puffed,3
rounded,3
knee,3
choo,3
wriggling,3
wrench,3
sprinting,3
imagined,3
gamekeeper,3
compared,3
assumed,3
occasion,3
tale,3
rescue,3
newts,3
pepper,3
damp,3
wolf,3
utterly,3
propped,3
hug,3
inee,3
peppermint,3
frowned,3
heres,3
toads,3
howler,3
frame,3
ghost,3
rumble,3
smallest,3
concentration,3
harm,3
energy,3
bowler,3
shrill,3
evidence,3
dropping,3
snatching,3
injuries,3
umbrella,3
reporter,3
roughly,3
practices,3
sprouting,3
model,3
cracked,3
instant,3
amazing,3
matted,3
threshold,3
movements,3
dread,3
blankly,3
threatening,3
hint,3
shaggy,3
sunlight,3
tweed,3
stair,3
drawer,3
sniff,3
events,3
persuade,3
lines,3
pressure,3
forms,3
diggorys,3
expensive,3
impatient,3
amusing,3
las,3
zero,3
streaming,3
convicted,3
volumes,3
nerves,3
mess,3
vulture,3
parent,3
gathering,3
decide,3
fun,3
fright,3
traitor,3
cabinet,3
shawl,3
interrupt,3
hate,3
wearily,3
fired,3
charged,3
bottlebrush,3
handkerchief,3
tracked,3
lookout,3
arthur,3
quills,3
stronger,3
cheating,3
worms,3
stag,3
roll,3
thumping,3
shadowed,3
innkeeper,3
expelliarmus,3
casually,3
loved,3
imps,3
acid,3
despite,3
september,3
brandnew,3
streaked,3
pathetic,3
ashamed,3
harmless,3
shallow,3
disturbed,3
colonel,3
imagining,3
trunks,3
transfixed,3
robe,3
brandishing,3
herbology,3
clubs,3
painful,3
fox,3
everyones,3
merry,3
finding,3
record,3
es,3
twinkling,3
zooming,3
beg,3
slope,3
raise,3
creaking,3
clearing,3
dreaming,3
studying,3
egyptian,3
enjoy,3
string,3
mouthed,3
wheel,3
tested,3
yehre,3
explanations,3
cost,3
focus,3
injury,3
bobbing,3
scariest,3
slipping,3
season,3
warn,3
sentence,3
locks,3
bludgers,3
waking,3
nod,3
player,3
lantern,3
brick,3
britain,3
reckons,3
unfortunate,3
motorbike,3
wine,3
lumos,3
conditions,3
filling,3
strip,3
skipping,3
offcolor,3
poring,3
howled,3
offhand,3
double,3
owe,3
bored,3
indicated,3
attached,3
skinned,3
respect,3
sucked,3
crouched,3
moves,3
wizardry,3
floorboard,3
papers,3
private,3
severe,3
atmosphere,3
hoarse,3
nostrils,3
uncontrollably,3
wrenched,3
thunderstruck,3
restrain,3
oozing,3
stew,3
series,3
crumbling,3
file,3
eve,3
banging,3
solemnly,3
cackling,3
shrinking,3
birthdays,3
dazzling,3
flight,3
brings,3
lurking,3
hated,3
heavens,3
severely,3
consider,3
country,3
scarves,3
caretaker,3
shutting,3
comfort,3
mercy,3
bushy,3
sloping,3
delicate,3
patting,3
smirking,3
hushed,3
crawled,3
skinny,3
ftom,3
cart,3
argument,3
fainted,3
cowering,3
bothered,3
considerably,3
jump,3
league,3
nooo,3
ajar,3
goals,3
blast,3
mightve,3
bits,3
nevertheless,3
ugly,3
enforcement,3
spun,3
slumped,3
stranger,3
ourselves,3
worn,3
containing,3
drowning,3
jet,3
clipping,3
threateningly,3
championship,3
parkinson,3
approaching,3
fill,3
shelf,3
comin,3
villagers,3
tensely,3
collapsed,3
dug,3
satisfied,3
troubling,3
sixty,3
nerve,3
provided,3
cannot,3
cleverest,3
annoyed,3
slugs,3
cooking,3
chains,3
tips,3
bill,3
sleek,3
exciting,3
headlong,3
child,3
happens,3
stumbling,3
appearing,3
smoothing,3
fumbled,3
shivering,3
tug,3
numb,3
fireplace,3
ends,3
sold,3
wipe,3
naturally,3
groaned,3
regained,3
dudders,3
increased,3
freedom,3
smoking,3
paying,3
topped,3
committees,3
weirdly,3
appointed,3
grasped,3
sessions,3
glittered,3
frog,3
spotting,3
nightmare,3
1,3
consequences,3
blankets,3
experience,3
sweaty,3
kissed,3
vacation,3
remaining,3
fortescues,3
stalked,3
solution,3
baby,3
interestedly,3
mopping,3
emotions,3
fate,3
murmured,3
panicking,3
clammy,3
shocked,3
colin,3
speech,3
murmur,3
irritably,3
exasperatedly,3
hairs,3
speeding,3
smoothed,3
sputtered,3
wanting,3
swept,3
traveled,3
seekers,3
squeak,3
fled,3
tablecloth,3
accident,3
pile,3
lanterns,3
gobstones,3
finds,3
prisoners,3
cursing,3
indistinct,3
deadly,3
menacing,3
score,3
towering,3
hi,3
hooves,3
board,3
shuddered,3
dining,3
instantly,3
currently,3
explosion,3
witness,3
glorious,3
polish,3
prove,3
perform,3
protect,3
achieved,3
whatsoever,3
darkly,3
farther,3
keyhole,3
shudder,3
standard,3
cockroach,3
sink,3
git,3
insult,3
draining,3
china,3
illuminating,3
lighter,3
winged,3
flipped,3
twitching,3
winding,3
pat,3
lately,3
headless,3
center,3
nonsense,3
violent,3
protruding,3
basket,3
drawling,3
sixteenth,3
barrel,3
closet,3
steering,3
positively,3
triumph,3
explode,3
weekends,3
piggy,3
cases,3
reappear,3
slight,3
doin,3
sickly,3
stifling,3
quivering,3
century,3
fortune,3
strolled,3
scattered,3
miles,3
exploding,3
meself,3
tryin,3
guessed,3
lasted,3
freds,3
ringing,3
bloody,3
dungeon,3
wished,3
performed,3
caused,3
defeat,3
knowitall,3
widened,3
bowl,3
collided,3
enjoyed,3
receiver,3
row,3
reminded,3
greenhouses,3
massive,3
arry,3
thirteenyearold,3
paler,3
blurted,3
grandmothers,3
depths,3
june,3
snarling,3
international,3
smell,3
napkin,3
amazed,3
theirs,3
bullet,3
reflected,3
convince,3
bucket,3
tactics,3
pretty,3
dragons,3
enclosed,3
collect,3
garage,3
fourteen,3
scabbed,3
pleasantly,3
precisely,3
captains,3
alight,3
executed,3
qualified,3
unmistakable,3
dreamily,3
owner,3
rough,3
frequently,3
bizarre,3
hewhomustnotbenamed,3
balding,2
flashed,2
filing,2
art,2
squealing,2
facetoface,2
include,2
wheels,2
oddly,2
chestnut,2
hinkypunks,2
positive,2
shrunken,2
somethin,2
limb,2
lies,2
afterwards,2
flaming,2
film,2
admitting,2
circumstances,2
splattered,2
wink,2
awoke,2
extraordinarily,2
thread,2
cackle,2
fates,2
sweetshop,2
slower,2
fork,2
clinging,2
crazy,2
mdear,2
whooshed,2
repair,2
throughout,2
hairy,2
hem,2
local,2
lazy,2
wendelin,2
plump,2
supporter,2
laden,2
vacant,2
tossing,2
sewer,2
limp,2
jauntily,2
fancy,2
embarrassed,2
haughtily,2
sighted,2
senses,2
leatherbound,2
ps,2
shuffled,2
retired,2
precision,2
shattered,2
untrustworthy,2
explaining,2
orphanage,2
burn,2
fond,2
poufs,2
exposed,2
grateful,2
borrowed,2
separated,2
length,2
terrifying,2
somehow,2
sucking,2
plain,2
blade,2
drawled,2
temper,2
talkin,2
squashed,2
peer,2
greatest,2
seething,2
ugh,2
debt,2
lamp,2
haunts,2
shuffling,2
saturdays,2
groped,2
neighbors,2
chin,2
straw,2
chasers,2
whys,2
deliberate,2
filth,2
dincha,2
raw,2
ebbing,2
tying,2
hmmm,2
tailing,2
stream,2
slice,2
summat,2
correctly,2
considered,2
tests,2
narrowly,2
disapparate,2
rare,2
flapped,2
curly,2
screams,2
sundown,2
lion,2
thrashing,2
dig,2
aura,2
dungbomb,2
rescued,2
situation,2
snowy,2
grunted,2
doubleended,2
tattered,2
sang,2
streamers,2
stars,2
gale,2
aids,2
bes,2
improvement,2
screeched,2
whoever,2
immensely,2
owners,2
pajamas,2
slimy,2
manufacturers,2
lopsided,2
binns,2
daring,2
re,2
prod,2
bounded,2
scraping,2
fortunetelling,2
landscape,2
speck,2
widely,2
rushed,2
pimples,2
newly,2
stationed,2
fooled,2
decorations,2
strain,2
essays,2
stranded,2
shield,2
satisfaction,2
feelin,2
bless,2
throbbing,2
exercise,2
pellets,2
likes,2
silenced,2
community,2
dregs,2
eyeball,2
visitors,2
glimmers,2
latch,2
allow,2
commenting,2
suggest,2
required,2
spirit,2
hindquarters,2
tin,2
clap,2
squeaky,2
holly,2
add,2
blond,2
eyed,2
prison,2
halfmoon,2
ridiculously,2
expert,2
twigs,2
undoubtedly,2
brighter,2
beads,2
stink,2
winds,2
swollen,2
inherited,2
alleyway,2
gas,2
racks,2
tadpole,2
ladys,2
guilt,2
beamed,2
grunt,2
bronze,2
piling,2
nurse,2
becomes,2
colors,2
enthusiastically,2
destroy,2
candlelight,2
dramatic,2
clearwater,2
crossly,2
main,2
stormy,2
earthy,2
disappointment,2
shaped,2
soup,2
wow,2
vicious,2
m,2
reserved,2
mice,2
conjures,2
paced,2
arrive,2
witchcraft,2
deputy,2
lunatic,2
toothflossing,2
moans,2
cowardly,2
sagging,2
imploringly,2
keenly,2
caved,2
awful,2
maniac,2
blinking,2
insolent,2
prang,2
excuses,2
loathing,2
wedding,2
wh,2
gagged,2
miracle,2
example,2
draped,2
fraction,2
suppressed,2
flurry,2
gritted,2
angrier,2
protection,2
moan,2
fix,2
elbow,2
dervish,2
resentfully,2
soothingly,2
sall,2
harsh,2
range,2
sh,2
bloodshot,2
breathe,2
writhed,2
ours,2
tutting,2
betraying,2
accept,2
spit,2
permitted,2
shunpike,2
immense,2
advancing,2
animatedly,2
thems,2
smaller,2
longingly,2
display,2
major,2
swapped,2
shelter,2
according,2
enraged,2
chute,2
younger,2
soap,2
interruption,2
evenly,2
spinner,2
cracking,2
reedy,2
shone,2
imitated,2
approvingly,2
unexpected,2
determination,2
sprint,2
addition,2
underground,2
friendless,2
personally,2
rubyred,2
silkily,2
intent,2
takes,2
megaphone,2
woss,2
snort,2
n,2
clung,2
poking,2
bighead,2
starving,2
coach,2
tumultuous,2
gulped,2
treat,2
dreams,2
brief,2
voiced,2
keeled,2
irritable,2
ow,2
dint,2
influence,2
lasting,2
height,2
mouthing,2
disgusting,2
thirdfloor,2
fathom,2
thrust,2
wickerwork,2
divided,2
pronouncement,2
tiptoe,2
echoes,2
laying,2
malkins,2
banges,2
sugar,2
pool,2
achievement,2
detail,2
ought,2
avoided,2
uncomfortable,2
gather,2
fluttering,2
thanked,2
gettin,2
doityourself,2
tails,2
stirred,2
powder,2
responsibility,2
angle,2
gonna,2
bullied,2
saucer,2
copies,2
journeys,2
birch,2
complicated,2
quivered,2
streamlined,2
cauldrons,2
towers,2
repel,2
mysterious,2
hems,2
rustled,2
convict,2
arrested,2
farthest,2
canvas,2
headfirst,2
scrambling,2
shouldn,2
pointless,2
earshot,2
contact,2
smacking,2
musta,2
sweater,2
failing,2
edging,2
drown,2
rows,2
gunshot,2
problems,2
importantly,2
punish,2
ragged,2
dipped,2
learning,2
deserve,2
unsatisfactory,2
trolley,2
natural,2
divide,2
steal,2
eyewitnesses,2
circling,2
smirk,2
eighteen,2
colored,2
chat,2
dispiritedly,2
crossing,2
signs,2
whoosh,2
dust,2
promptly,2
slug,2
defenses,2
vaulted,2
amid,2
broomcare,2
placing,2
punching,2
straightening,2
tirelessly,2
sliding,2
gentle,2
shift,2
sip,2
breakneck,2
cringing,2
coat,2
feather,2
tramped,2
basin,2
trembled,2
mead,2
precautions,2
pinpoint,2
counted,2
whispering,2
pour,2
nuffink,2
sundaes,2
sallow,2
pelting,2
translation,2
unwrapped,2
flooding,2
increasingly,2
frightening,2
goodness,2
broad,2
goblin,2
swerve,2
farfetched,2
spells,2
prepare,2
spinnet,2
thumb,2
sickles,2
lettin,2
gang,2
sought,2
swiveled,2
matches,2
deeper,2
strings,2
masters,2
illegally,2
wheezing,2
crunch,2
streets,2
representatives,2
beckoned,2
giggle,2
neat,2
trash,2
greeting,2
stiff,2
chilly,2
argh,2
sunset,2
shred,2
emotion,2
capture,2
gleefully,2
brow,2
hunt,2
corpse,2
depressed,2
encouraged,2
twig,2
marcus,2
slamming,2
starts,2
splashing,2
restriction,2
iron,2
snapping,2
giggled,2
adult,2
vindictive,2
assurances,2
pillowcase,2
bolt,2
mounting,2
castles,2
stretcher,2
hill,2
consciousness,2
brothers,2
glided,2
appointment,2
teapot,2
weaving,2
request,2
bowing,2
pursed,2
sobs,2
spectacular,2
p,2
rattle,2
identity,2
doorknob,2
overbalanced,2
actions,2
slam,2
edges,2
regret,2
d,2
unbalanced,2
kit,2
daylight,2
arriving,2
remnants,2
bid,2
aghast,2
sternly,2
lengthening,2
toms,2
grimace,2
self,2
contentedly,2
tucking,2
willing,2
necessary,2
ar,2
stroked,2
hurtled,2
whimpered,2
enjoyment,2
manacle,2
stretchers,2
riding,2
chins,2
unseen,2
innocently,2
trace,2
beasts,2
wilder,2
laid,2
softer,2
confunded,2
sensed,2
wrestling,2
sheep,2
wouldbe,2
absolutely,2
dizzier,2
muscles,2
chewing,2
pail,2
maroon,2
accelerated,2
secure,2
houseelf,2
players,2
grave,2
strained,2
fortuna,2
seated,2
states,2
swore,2
sprawled,2
highfinish,2
emerald,2
rack,2
sorting,2
offended,2
glory,2
despair,2
customers,2
retreating,2
affectionate,2
racing,2
mummys,2
governors,2
stifled,2
oldest,2
desert,2
retreat,2
fubster,2
stroking,2
cruel,2
injured,2
overheard,2
curses,2
deciding,2
silverywhite,2
swallow,2
stealthily,2
grasp,2
pulse,2
perfumed,2
peace,2
fairly,2
jelly,2
concern,2
ankles,2
scare,2
stopping,2
entire,2
strips,2
due,2
relaxing,2
servants,2
marked,2
squad,2
date,2
disguises,2
grand,2
emptied,2
treated,2
assigned,2
difficulties,2
decree,2
sherbert,2
facedown,2
mistiest,2
nudging,2
spect,2
nick,2
kep,2
scoring,2
bathroom,2
returning,2
choosing,2
hopeless,2
dignified,2
farewell,2
uncanny,2
confidence,2
wednesday,2
dazed,2
scratched,2
lived,2
sunny,2
bedpans,2
fists,2
silhouette,2
penny,2
overrule,2
treatment,2
dragon,2
profile,2
norris,2
furniture,2
penetrate,2
boxes,2
sixteen,2
select,2
wisp,2
defend,2
rosettes,2
winking,2
norbert,2
dumped,2
spoon,2
signed,2
brittle,2
bouncing,2
serving,2
agrees,2
ooooo,2
crab,2
providing,2
drove,2
plunged,2
thirty,2
grudge,2
thatll,2
dancing,2
fading,2
clambered,2
mouse,2
road,2
cloudy,2
welcoming,2
kettleburn,2
hasn,2
dull,2
crooked,2
yehll,2
earned,2
celebrated,2
succeeded,2
nearby,2
buckled,2
fortress,2
patil,2
questions,2
assuming,2
wetter,2
helps,2
dawn,2
delight,2
fidelius,2
abandoned,2
friday,2
wailed,2
textbook,2
battling,2
safely,2
vein,2
metal,2
rim,2
methods,2
pony,2
bangles,2
loss,2
proved,2
gotcha,2
gleamed,2
furrowed,2
clue,2
occasionally,2
pawed,2
covers,2
torches,2
guarding,2
dislodged,2
angelinas,2
strapping,2
flag,2
recapture,2
department,2
higher,2
incidentally,2
cry,2
poison,2
somber,2
fail,2
dislike,2
embarrassing,2
theories,2
presence,2
scribbled,2
flatten,2
bird,2
climbing,2
yesterdays,2
dyeh,2
shower,2
messrs,2
hover,2
necks,2
sweet,2
grims,2
attempting,2
beakys,2
bully,2
reasonable,2
stormed,2
god,2
fake,2
oy,2
revealed,2
minuscule,2
objects,2
nightfall,2
reveal,2
interference,2
indignantly,2
cantering,2
wiv,2
itd,2
wore,2
freeze,2
mundane,2
complain,2
directions,2
rear,2
gloves,2
whistled,2
openly,2
requires,2
shocking,2
warlocks,2
experiences,2
chase,2
elbows,2
barriers,2
9,2
swooping,2
yep,2
steered,2
replacement,2
reminds,2
wary,2
spiraling,2
creepy,2
fizzing,2
recall,2
recovery,2
wrenching,2
muffled,2
ooh,2
splash,2
treating,2
proudly,2
lookin,2
reminding,2
gauzy,2
highpitched,2
bloodstained,2
rule,2
aback,2
littered,2
scene,2
immediate,2
exist,2
clambering,2
jetblack,2
blackandwhite,2
born,2
threatened,2
potholes,2
bats,2
hex,2
hooked,2
dozed,2
possibility,2
toppled,2
cure,2
drunk,2
pack,2
armchairs,2
precious,2
land,2
ash,2
feed,2
significantly,2
complaining,2
comparing,2
j,2
knights,2
swift,2
boos,2
convincing,2
banged,2
mans,2
rushing,2
song,2
sympathetic,2
lees,2
coffee,2
matteroffact,2
sour,2
bulletin,2
wrists,2
twins,2
rumbling,2
nearfatal,2
heartily,2
bandaged,2
rumor,2
aimed,2
spinning,2
heave,2
inflating,2
lawns,2
lunchtime,2
reflecting,2
professional,2
prime,2
pints,2
dungbombs,2
hatred,2
gown,2
scandalized,2
interfere,2
discovered,2
distinctly,2
remains,2
inspection,2
flu,2
woolly,2
planned,2
commonly,2
pets,2
slashed,2
honor,2
averted,2
arrogant,2
hovered,2
harshly,2
visits,2
grumpy,2
sooner,2
elbowed,2
gift,2
wordlessly,2
incantation,2
swerved,2
absentmindedly,2
incredibly,2
shakily,2
buzz,2
victory,2
blocking,2
commit,2
ead,2
crackling,2
trotting,2
shoulda,2
trapped,2
convulsively,2
youngest,2
entertainment,2
comfortable,2
registration,2
sweeping,2
leech,2
lurch,2
unlike,2
interjected,2
suggesting,2
hired,2
habit,2
behave,2
grimaced,2
gesture,2
stool,2
sprout,2
screwed,2
saving,2
contorted,2
owned,2
bustle,2
singlehanded,2
owlery,2
abnormally,2
larger,2
jealous,2
armed,2
portly,2
finishing,2
agree,2
largest,2
admiration,2
longbottoms,2
grabbing,2
evry,2
gaining,2
pointedly,2
bars,2
endure,2
taunt,2
wince,2
laughs,2
jerking,2
materialize,2
believing,2
tangled,2
served,2
buss,2
thirdyear,2
contrary,2
bein,2
january,2
twentytwo,2
thirteenth,2
starry,2
contents,2
older,2
predicting,2
versus,2
alongside,2
grunts,2
muster,2
stubbornly,2
smart,2
fortescue,2
disgust,2
mental,2
slowed,2
spilling,2
outofbounds,2
lolling,2
servicing,2
steam,2
horrors,2
pasted,2
criticizing,2
february,2
assure,2
menacingly,2
decorated,2
pounded,2
seamuss,2
lure,2
pyramid,2
flecked,2
restless,2
gowns,2
flown,2
coursing,2
cheers,2
idiot,2
apologetically,2
calmed,2
deranged,2
photo,2
considering,2
base,2
incurably,2
oughta,2
taller,2
confirmed,2
inn,2
spindly,2
fixing,2
darker,2
flick,2
squeaks,2
fastened,2
emptying,2
cheered,2
swimming,2
iced,2
crisp,2
busy,2
peeling,2
practical,2
solitary,2
written,2
relatives,2
congratulate,2
poisoned,2
willows,2
finest,2
doubted,2
pitched,2
pit,2
shifted,2
nineteen,2
wash,2
simple,2
manticore,2
drawn,2
refuge,2
soaked,2
muddy,2
wear,2
malfay,2
gasping,2
beefy,2
improved,2
ernies,2
eager,2
perfume,2
pal,2
promised,2
sockets,2
plastered,2
image,2
hats,2
bracingly,2
magnified,2
delicately,2
disturbance,2
comet,2
talent,2
shouldnve,2
statues,2
lonely,2
afterward,2
glossy,2
stringmints,2
hop,2
largely,2
squid,2
prospect,2
thinner,2
interpret,2
test,2
refusing,2
persisted,2
reward,2
wisps,2
loses,2
supply,2
dodged,2
brains,2
execute,2
pay,2
pitch,2
grunting,2
prize,2
abandoning,2
perce,2
lettuce,2
blushing,2
alerted,2
condition,2
eighty,2
distractedly,2
luminous,2
growl,2
indicating,2
stripping,2
affair,2
stifle,2
mixture,2
whizbees,2
downfall,2
jinxes,2
beckoning,2
sweating,2
reprovingly,2
backs,2
joining,2
penetrating,2
imitations,2
womans,2
cake,2
swish,2
gained,2
awkward,2
runes,2
swiftly,2
blur,2
punishments,2
ungrateful,2
entertaining,2
ray,2
offering,2
ridden,2
flap,2
markings,2
conceal,2
gargoyles,2
unhinged,2
appearance,2
outcome,2
reported,2
neatly,2
version,2
foaming,2
smug,2
trance,2
shrewdly,2
assembled,2
chosen,2
manic,2
background,2
tells,2
conscious,2
bewitched,2
bitter,2
skirting,2
successfully,2
shapeless,2
ruffled,2
balanced,2
damn,2
oo,2
swing,2
urging,2
grumpily,2
hesitantly,2
securely,2
poisonous,2
strike,2
gloom,2
stake,2
toothless,2
resist,2
oversized,2
snores,1
crest,1
hitched,1
forgetful,1
wholl,1
strawberry,1
tarnish,1
blossom,1
involving,1
standards,1
mooney,1
manyarmed,1
deftly,1
brackets,1
tutted,1
125,1
gamekeeping,1
scorn,1
tilting,1
operation,1
repels,1
swipes,1
bone,1
speedy,1
stations,1
splintery,1
expertise,1
column,1
clawing,1
parts,1
absurd,1
lefthand,1
appened,1
impressively,1
heated,1
equal,1
almosi,1
haunt,1
decay,1
tampered,1
disarray,1
chalk,1
breezy,1
disaster,1
waisthigh,1
lords,1
cleverer,1
walden,1
outlawed,1
bedsteads,1
settlement,1
duties,1
forks,1
morsels,1
simmers,1
showers,1
flowers,1
tankards,1
divulge,1
anti,1
blubber,1
prevent,1
hating,1
lapping,1
lampposts,1
balaclava,1
traffic,1
scary,1
disapproved,1
forge,1
headship,1
oversee,1
fanned,1
thirsty,1
colorless,1
brightness,1
falls,1
fortyseven,1
woodpaneled,1
superfine,1
falcon,1
tabby,1
joint,1
malevolently,1
frankly,1
session,1
flooded,1
peanuts,1
rowdy,1
panicky,1
sevens,1
unto,1
teardrops,1
gryffindorslytherin,1
seer,1
bearable,1
intelligent,1
drift,1
quest,1
talltwig,1
safest,1
l,1
oily,1
diversion,1
makers,1
suspended,1
reversers,1
longs,1
vacancy,1
favored,1
labeling,1
unblinkingly,1
sweetshops,1
disembowelment,1
attempted,1
vibrations,1
acknowledged,1
drowned,1
fanatically,1
clawed,1
faked,1
mountain,1
cobbled,1
braking,1
splaylegged,1
meat,1
spellotape,1
sputter,1
webbed,1
existence,1
motion,1
turquoise,1
currant,1
oddsbodikins,1
copied,1
curl,1
bluewhite,1
howl,1
returns,1
bristling,1
spin,1
unlocked,1
crime,1
lack,1
jerky,1
stowing,1
insults,1
harrassed,1
prodding,1
lastminute,1
apologize,1
neffypoo,1
buildings,1
beginnings,1
appreciate,1
scrubbed,1
boggartvoldemort,1
legless,1
imaginable,1
flutter,1
lineup,1
bloodless,1
cell,1
bathed,1
rustling,1
everythin,1
continually,1
trodden,1
brakes,1
infuriating,1
honey,1
instructed,1
spectral,1
oooh,1
pate,1
ferociously,1
knitted,1
scanning,1
abysmally,1
puce,1
stated,1
serves,1
deceiving,1
squirt,1
wetly,1
terrify,1
dash,1
loosely,1
sequined,1
commentate,1
livid,1
understanding,1
scurrying,1
tastes,1
flump,1
prickling,1
earts,1
account,1
chocoballs,1
yelp,1
knives,1
badtempered,1
spanking,1
daggers,1
disguise,1
squelch,1
cabinets,1
dissolving,1
plinth,1
forgettin,1
infinite,1
discovery,1
thief,1
wha,1
clouding,1
fastest,1
entrails,1
hardwearing,1
pompously,1
wrought,1
colleagues,1
scales,1
feverishly,1
constant,1
paneled,1
greenhouse,1
outdoors,1
hungry,1
mmm,1
cupwinners,1
clinking,1
tame,1
gaps,1
bravely,1
monks,1
glee,1
purveyors,1
noses,1
trench,1
disgrace,1
trial,1
heroism,1
yellowish,1
childish,1
essential,1
uncertain,1
lakeshore,1
modified,1
doubtfully,1
drinking,1
nt,1
wobbled,1
lavenders,1
wouldn,1
exchanging,1
boggartdementor,1
fervent,1
derisively,1
groveling,1
betray,1
savaging,1
breaker,1
bulldog,1
scarylookin,1
fing,1
beauties,1
polishing,1
senseless,1
guesswork,1
foxfur,1
truthfully,1
evasively,1
seal,1
puddle,1
hinted,1
tidal,1
cloudless,1
thicken,1
thanking,1
dursleysd,1
greeted,1
souvenir,1
onearmed,1
nooooooo,1
brake,1
ravens,1
clotted,1
lures,1
island,1
interestin,1
leaking,1
overseeing,1
halfglance,1
testily,1
bottlegreen,1
novelty,1
mangy,1
luncheon,1
wangle,1
fumbling,1
saves,1
mingled,1
praise,1
drillmaking,1
pickling,1
tidy,1
insists,1
persuading,1
dukes,1
seventeenyearold,1
thorough,1
unlikely,1
mongrels,1
dripped,1
admirers,1
root,1
blows,1
brack,1
overenthusiastic,1
meander,1
gloating,1
struck,1
goose,1
reversal,1
assistant,1
dears,1
com,1
colder,1
hesistated,1
mince,1
scops,1
spilled,1
gilding,1
feeding,1
fumble,1
chasing,1
annoyance,1
subnormal,1
embossed,1
partner,1
floorlength,1
1ve,1
sensible,1
relevant,1
collecting,1
moaning,1
unblocked,1
chilling,1
chucked,1
stepping,1
cram,1
fore,1
whined,1
cousin,1
daughter,1
aberdeen,1
knobbly,1
screech,1
stubs,1
haunting,1
grinding,1
carefree,1
relaxed,1
cadogans,1
gawd,1
unrestrainedly,1
grey,1
madder,1
boast,1
splint,1
phone,1
sincerely,1
tossed,1
beautifully,1
actionpacked,1
suggests,1
scrub,1
sparkly,1
messed,1
inquiry,1
unsupported,1
entitled,1
contentment,1
examination,1
compiled,1
nutters,1
biding,1
positions,1
grew,1
solve,1
tickling,1
originator,1
churned,1
chuckling,1
jabbering,1
hm,1
blandly,1
popped,1
badgering,1
semitransparent,1
lightest,1
onest,1
paperwhite,1
shiver,1
communicate,1
lashing,1
bucketful,1
giggly,1
packs,1
pouf,1
swaggered,1
packet,1
mischiefmakers,1
twjce,1
rndear,1
malfoyd,1
1296,1
commentator,1
popular,1
computerized,1
toed,1
occur,1
trespass,1
steelcolored,1
smiles,1
bloodflavored,1
hermoine,1
wasting,1
applauding,1
muzzle,1
photos,1
purred,1
flamingred,1
barking,1
surging,1
dealt,1
drawl,1
mold,1
presently,1
beady,1
airily,1
reasoned,1
unrecognizable,1
nervouslooking,1
crackers,1
unarmed,1
hunger,1
ex,1
sentenced,1
dumblefore,1
elbowlength,1
whichever,1
headquarters,1
sternlooking,1
spotlight,1
daisy,1
sneer,1
horns,1
ogre,1
sullen,1
blended,1
wasn,1
openmouthed,1
huh,1
tent,1
burped,1
chuckle,1
booths,1
podium,1
humongous,1
press,1
sorcery,1
aboard,1
perish,1
crestfallen,1
nods,1
doubleagent,1
projection,1
rides,1
collision,1
debris,1
resting,1
clairvoyant,1
forwards,1
honors,1
flitted,1
galloped,1
nettled,1
potty,1
onlytoo,1
unraveled,1
hardest,1
fie,1
darkest,1
winter,1
fragments,1
revolved,1
hysterical,1
apple,1
edgy,1
flushed,1
foolhardy,1
snakelike,1
creepily,1
reins,1
handkerchiefs,1
bathilda,1
criticized,1
graduily,1
gleeful,1
snowflakes,1
1722,1
frogs,1
ecstasy,1
respond,1
boss,1
tourists,1
fruitcake,1
nambypamby,1
longsuffering,1
fashioned,1
takin,1
dejectedly,1
tiniest,1
stricken,1
shorter,1
pursuit,1
hovering,1
exhausting,1
quagmire,1
caption,1
prone,1
ministers,1
tempted,1
waged,1
lots,1
aching,1
accidents,1
fitfully,1
miraculous,1
slash,1
dintier,1
creaked,1
shrugging,1
sludge,1
raining,1
nope,1
ronald,1
chamber,1
statement,1
flinched,1
fingertips,1
fortyfive,1
hardworking,1
marjorie,1
grade,1
mayor,1
ind,1
knaves,1
furtive,1
spine,1
roan,1
brute,1
steakand,1
allowing,1
rude,1
squashy,1
tirade,1
thatched,1
aquired,1
exceedingly,1
suns,1
watchin,1
eerily,1
struggle,1
noon,1
title,1
favor,1
practiced,1
borrow,1
remotely,1
deciphering,1
unseated,1
eventual,1
hurling,1
disordered,1
hideout,1
buffeted,1
bond,1
suggestions,1
pup,1
itwhod,1
improving,1
cuts,1
hen,1
hooknosed,1
flickering,1
forked,1
stress,1
shirty,1
advertise,1
spose,1
inclined,1
amazes,1
interview,1
downtrodden,1
porky,1
eard,1
woollen,1
velvet,1
smells,1
miseribly,1
catastrophes,1
liberty,1
departed,1
treasured,1
sufficient,1
numerology,1
granted,1
unaware,1
suffering,1
filed,1
shacks,1
canceled,1
mullioned,1
awaits,1
develop,1
sealed,1
giveaway,1
dumbstruck,1
snore,1
eruption,1
protectively,1
strides,1
fathomless,1
businesslike,1
upturned,1
eaglefeather,1
swig,1
troubles,1
sunshine,1
melted,1
ony,1
whizzing,1
magicked,1
roast,1
apiece,1
slowing,1
arc,1
mainland,1
yotm,1
anyfink,1
guide,1
teaches,1
visor,1
flesheating,1
turbulent,1
deaf,1
crocodile,1
upturn,1
burnt,1
henceforth,1
crater,1
sheet,1
obey,1
matching,1
stabbed,1
ugle,1
stoutly,1
revulsion,1
eyeing,1
cane,1
inexpressible,1
curtained,1
bumps,1
refilled,1
inconvenient,1
festive,1
splat,1
recent,1
madness,1
diverse,1
ominous,1
jovially,1
ticket,1
aah,1
farmhouse,1
fancied,1
selected,1
intermediate,1
attic,1
dustpan,1
slithering,1
ludicrous,1
tasted,1
takeoff,1
unguarded,1
disturbing,1
thoughtless,1
doublecrosser,1
untidier,1
nosh,1
hiccuped,1
flagged,1
vvheezy,1
rounding,1
contemptuous,1
suffice,1
unmanageable,1
shapeshifter,1
faithful,1
sunday,1
creamy,1
fredd,1
marauding,1
tuned,1
hopes,1
lumoshe,1
sixlegged,1
untie,1
agriculture,1
rush,1
massacre,1
punctured,1
withdrawn,1
afoul,1
tomatoes,1
dish,1
mismatched,1
summarize,1
studied,1
creevey,1
incorrect,1
popularity,1
youknowwhos,1
heroworshipped,1
parcels,1
parade,1
apology,1
flinching,1
tabs,1
startling,1
bearlike,1
disapparated,1
sighting,1
institution,1
scrounger,1
din,1
unstuck,1
stretch,1
weasel,1
suited,1
generality,1
lodged,1
eavesdroppers,1
resembled,1
obscured,1
disappearing,1
andturned,1
straining,1
levitate,1
beware,1
annoy,1
complicatedlooking,1
yield,1
portents,1
spurt,1
runty,1
bringing,1
lenient,1
musclely,1
twelvefoot,1
contains,1
chewed,1
watersnakes,1
helpings,1
basking,1
patchwork,1
existed,1
reared,1
sanctuary,1
slipstream,1
5,1
buttons,1
stocking,1
scuffled,1
scurvy,1
physical,1
throats,1
topics,1
acts,1
icily,1
priorities,1
grazed,1
hurtling,1
wolfish,1
sane,1
obsession,1
indecision,1
twentyone,1
fryup,1
abergavenny,1
defensively,1
occupant,1
slimylooking,1
sirs,1
insolently,1
canaryyellow,1
taunting,1
exceptionally,1
comforted,1
chink,1
lizards,1
moron,1
calming,1
lowerng,1
smarting,1
impair,1
confusing,1
visitor,1
fudgell,1
whipping,1
ninetynine,1
salami,1
frightenin,1
collywobbles,1
reflection,1
acorn,1
emboldened,1
beetleblack,1
jowls,1
ofterm,1
admired,1
cleansweeps,1
gentleman,1
tartan,1
aaarrgghh,1
fistful,1
serpent,1
terms,1
encircling,1
charging,1
surprising,1
task,1
relative,1
whatsits,1
cooked,1
unfurled,1
building,1
rearranged,1
mysteries,1
intake,1
depending,1
splashed,1
speciality,1
changs,1
pang,1
enmity,1
lunar,1
collide,1
overtook,1
benches,1
hag,1
dazedly,1
instruments,1
dinnertime,1
mugs,1
burrow,1
alas,1
rate,1
visibility,1
psychology,1
booed,1
thirtyzero,1
chant,1
jangling,1
misuse,1
wishywashy,1
clench,1
ed,1
beats,1
vablatsky,1
collapses,1
sling,1
taste,1
mystery,1
overslept,1
stains,1
bearsized,1
race,1
trot,1
quantity,1
knotted,1
bun,1
scabbard,1
patterns,1
clips,1
illassorted,1
unused,1
pixies,1
tackle,1
bloodshed,1
resentment,1
leeks,1
resounding,1
destroyed,1
reliable,1
secondly,1
elderly,1
furballs,1
mousse,1
automatic,1
shooed,1
comradesinarms,1
strangestlooking,1
donkey,1
spleen,1
cupboards,1
wailing,1
alreadv,1
timeout,1
taster,1
radio,1
mile,1
draft,1
embraced,1
noiselessly,1
weeklong,1
shovellike,1
swilled,1
eyebrow,1
finnigans,1
splatter,1
purpletinged,1
irresolute,1
tire,1
quiver,1
unease,1
squeezing,1
showoffs,1
flanked,1
load,1
distinction,1
davey,1
cherry,1
ywve,1
plunging,1
plummeted,1
irnpressed,1
unbiased,1
mens,1
lifeless,1
insane,1
recognizable,1
battlements,1
righto,1
threelegged,1
pinkish,1
chop,1
precaution,1
chimed,1
uncharacteristically,1
snigger,1
twentyzero,1
hammer,1
airborne,1
racket,1
compass,1
slit,1
twentypound,1
wriggled,1
warmth,1
swaying,1
outset,1
tatty,1
afterthought,1
fiveminutes,1
spoiled,1
pensively,1
infest,1
sustain,1
squeakily,1
blundered,1
pasty,1
departure,1
suspicions,1
sill,1
elevens,1
venerablelooking,1
selfcontrol,1
prototype,1
sausages,1
gate,1
lacy,1
coward,1
crates,1
sugarspun,1
hers,1
bedsheet,1
disoriented,1
fervently,1
alohomora,1
pinned,1
ronll,1
reluctant,1
cavernous,1
crinkled,1
plants,1
prospects,1
brushed,1
haze,1
concealment,1
awoken,1
disappearance,1
imperceptibly,1
miraculously,1
quilt,1
craning,1
liable,1
legible,1
maimed,1
mobilicorpus,1
civil,1
hog,1
tatters,1
purchases,1
depositing,1
accusing,1
sinisterlooking,1
mouths,1
vampires,1
evrythin,1
pervaded,1
conjure,1
washing,1
vented,1
volume,1
fisheries,1
erected,1
occasions,1
wire,1
shove,1
cmin,1
curlytoed,1
deathbed,1
equipped,1
signature,1
sodden,1
chatter,1
budding,1
region,1
sultry,1
whyd,1
mystified,1
deepest,1
percent,1
triumphantly,1
result,1
sending,1
jogging,1
monkeys,1
greatly,1
formation,1
concerns,1
teammate,1
tenzero,1
ferula,1
suffered,1
female,1
bulldogs,1
uncorked,1
chaos,1
cheap,1
brush,1
sniggering,1
ponds,1
abbott,1
creams,1
20th,1
disbelief,1
dispersed,1
provoke,1
waste,1
borne,1
resemble,1
recognizing,1
sos,1
counterclockwise,1
eagles,1
todays,1
tackling,1
clouded,1
drinks,1
builtin,1
commands,1
protest,1
screen,1
groomed,1
occasional,1
managers,1
perchance,1
rip,1
wanderin,1
armll,1
frightens,1
thinned,1
strangled,1
expertly,1
weren,1
crabbes,1
qualification,1
mouthful,1
condemned,1
skid,1
persons,1
whitefaced,1
differently,1
pillows,1
ogling,1
splendid,1
shrub,1
closeup,1
resemblance,1
rickety,1
awed,1
wringing,1
skulllike,1
source,1
article,1
ranks,1
plotting,1
survivor,1
flicking,1
interest,1
victim,1
bury,1
practicin,1
pirouette,1
smudged,1
unhappily,1
hollowed,1
wealsey,1
eviltempered,1
pinged,1
knowwho,1
uneventful,1
darned,1
flop,1
crinolines,1
styles,1
bigger,1
ducked,1
bubbles,1
patrolling,1
shakin,1
strung,1
hallucinations,1
tonguetied,1
glimmer,1
palefaced,1
rummaging,1
inhis,1
bruise,1
urgency,1
bended,1
killers,1
sport,1
scuttled,1
velvety,1
grappled,1
unpredictable,1
reverence,1
broornhandle,1
hops,1
sighs,1
serve,1
possessed,1
hereby,1
windshield,1
furtivelooking,1
coats,1
undertone,1
doze,1
chipped,1
protected,1
onelegged,1
tagging,1
tottering,1
slogans,1
euphoria,1
mirthless,1
snaped,1
panicstricken,1
ducking,1
followers,1
bobbed,1
easier,1
emerging,1
boisterous,1
nibbled,1
proprietor,1
fortunes,1
clanking,1
otherwise,1
junior,1
maddening,1
impassive,1
orbs,1
pprofessor,1
dignity,1
hearty,1
haywire,1
nature,1
bonebreaking,1
logs,1
yeomen,1
superbly,1
bated,1
celebrity,1
cuk,1
joking,1
trickle,1
bluff,1
vegetable,1
comfortablelooking,1
mill,1
copper,1
polite,1
successful,1
clicking,1
bordering,1
curvy,1
curiosity,1
spiky,1
zombie,1
verdict,1
lions,1
trustworthy,1
cleverness,1
gardens,1
conjuring,1
cheekbone,1
squarejawed,1
linger,1
cheery,1
droobles,1
wreaths,1
affording,1
jinxfree,1
silverwhite,1
milling,1
deliveries,1
shrug,1
repay,1
shortened,1
lunacy,1
bills,1
expand,1
sparkled,1
newt,1
ginnys,1
replied,1
spout,1
rosmertas,1
wildest,1
sixtyten,1
puppet,1
blind,1
laws,1
bridge,1
unluckily,1
breeding,1
feasting,1
glimmering,1
mantelpiece,1
mutilating,1
jerkily,1
raspberry,1
gallows,1
issued,1
thunderstorms,1
favoritism,1
engulfed,1
gloat,1
produced,1
thicker,1
mentally,1
polished,1
companion,1
humming,1
suffer,1
nut,1
salamanders,1
wriggly,1
duck,1
katies,1
seventeen,1
ecto,1
smuggling,1
drills,1
passengers,1
aggressively,1
soggy,1
smoothly,1
h,1
spirited,1
mortally,1
extending,1
ferret,1
hopped,1
hallucin,1
scuffles,1
slouching,1
flobberworm,1
berserk,1
absurdity,1
whining,1
pinch,1
wrapping,1
richly,1
nightcap,1
bushes,1
dursleyfree,1
shocks,1
freckly,1
relaxation,1
thickened,1
awaited,1
sopping,1
twitch,1
mur,1
mutter,1
rug,1
luxuriously,1
rekindled,1
slippered,1
plainer,1
dirty,1
longawaited,1
torso,1
schoolboy,1
duddys,1
transport,1
silk,1
congratulations,1
thus,1
pompous,1
cottages,1
faraway,1
ooooooh,1
classs,1
woia,1
tallest,1
tufts,1
werewolfs,1
ashen,1
separation,1
illegal,1
panes,1
tailhair,1
jewelencrusted,1
sell,1
lined,1
enemy,1
tat,1
curving,1
admirably,1
caretakers,1
gruffly,1
hisbest,1
trickling,1
rag,1
doll,1
escaping,1
overrode,1
entrants,1
mouthpiece,1
hook,1
monitor,1
skip,1
wastrel,1
unsurpassable,1
purse,1
sweatshirt,1
hogsmeades,1
waterdwellers,1
wintery,1
flyin,1
maintained,1
pearly,1
helplessness,1
wildeyed,1
brandished,1
gnawing,1
rescuer,1
fling,1
clamping,1
bagshot,1
nip,1
passenger,1
drenching,1
wobble,1
chill,1
traced,1
entry,1
fizz,1
nosebiting,1
courteously,1
confundus,1
creates,1
ftiend,1
nonmagic,1
unfolded,1
runner,1
jeans,1
reinforcements,1
climate,1
scalped,1
shades,1
towered,1
distinguish,1
married,1
proper,1
remind,1
wander,1
remove,1
gaped,1
eggs,1
boars,1
confident,1
opaline,1
roving,1
faultlessly,1
wreck,1
stiffly,1
administer,1
games,1
sons,1
fridge,1
recovered,1
rebellion,1
trundled,1
soulless,1
dried,1
keepin,1
bedspread,1
filchs,1
leek,1
workload,1
undetectable,1
updated,1
mgoing,1
stolen,1
rs,1
rowling,1
fourteenth,1
lane,1
puddingbowl,1
whyre,1
pistons,1
leasttwenty,1
shrink,1
cope,1
pinkfaced,1
stealth,1
dwell,1
rosemertas,1
mumbled,1
fulfill,1
breaths,1
nastily,1
trap,1
celebratin,1
proposal,1
pubs,1
retorted,1
broaden,1
forefinger,1
leaked,1
unsteadily,1
walkin,1
unwelcome,1
crisscrossed,1
crones,1
levitating,1
moldy,1
tureen,1
antijinx,1
grassy,1
paddling,1
askew,1
paddfoot,1
flood,1
skies,1
shins,1
incorporates,1
advising,1
disrupt,1
apprehensively,1
uncertainty,1
scowling,1
pep,1
coconut,1
intruding,1
armfuls,1
flibbertigibbet,1
freely,1
seventy,1
disliked,1
herrnione,1
topgrade,1
reliability,1
nosiest,1
firm,1
aunts,1
compartments,1
comforting,1
remainder,1
talented,1
everybodys,1
occupy,1
looping,1
beautys,1
impersonation,1
flicked,1
happiest,1
challenge,1
separately,1
nox,1
fellytone,1
fowl,1
france,1
emblazoned,1
landlord,1
fluttered,1
motioned,1
wiggled,1
tough,1
numbing,1
flavor,1
discussion,1
intrigued,1
turkeys,1
survive,1
ravenclawll,1
paces,1
cracks,1
approach,1
manacles,1
sweltering,1
unzipping,1
buoy,1
ave,1
composedly,1
piercingly,1
runs,1
lands,1
partly,1
professer,1
whiled,1
residents,1
whistling,1
hagridsized,1
dumbledored,1
birds,1
grasping,1
kickoff,1
flailing,1
bentbacked,1
fairy,1
hereafter,1
grudging,1
singing,1
offer,1
favorites,1
meowed,1
bursts,1
lighthearted,1
plans,1
declare,1
refuse,1
repacking,1
shoelace,1
parachute,1
flies,1
bunched,1
vacated,1
public,1
thirdly,1
headlights,1
manner,1
latest,1
whiskers,1
clanked,1
disdainful,1
awe,1
depends,1
getwell,1
coyle,1
doggedly,1
stupidly,1
ledge,1
heaps,1
crouch,1
poised,1
misses,1
quieten,1
soberly,1
vividly,1
emergency,1
rummaged,1
sorely,1
faintest,1
marvelous,1
exhaustion,1
overcoat,1
sharpish,1
hufflepuffs,1
teammates,1
frequent,1
springing,1
mail,1
aftereffects,1
wafting,1
clawlike,1
firstly,1
liquid,1
tortoise,1
squeals,1
doesn,1
thoughtful,1
goodlooking,1
nothin,1
quicker,1
welllit,1
slimeball,1
squash,1
silhouetted,1
wobbling,1
slits,1
expulsion,1
mailboxes,1
bravest,1
secondhand,1
terrifiedlooking,1
framed,1
chomping,1
dryly,1
social,1
yawning,1
hedve,1
spurred,1
stole,1
hunching,1
host,1
blush,1
sniffed,1
reduce,1
diffrence,1
identical,1
mcmillan,1
yards,1
jumble,1
alarming,1
burned,1
owlorder,1
cocky,1
greentinged,1
rasping,1
reenactment,1
eerie,1
tartly,1
sno,1
unreal,1
stripe,1
switched,1
pomfreys,1
football,1
eldest,1
crashed,1
sipping,1
rogue,1
mended,1
pure,1
lunge,1
tragically,1
wreckage,1
dots,1
gillywater,1
habits,1
tide,1
slaughtering,1
retrieved,1
performing,1
cantve,1
hoot,1
automatically,1
salute,1
rattled,1
fried,1
perceive,1
idly,1
shredded,1
botched,1
blasting,1
davies,1
flier,1
mapmakers,1
waistcoat,1
paved,1
waist,1
boom,1
cans,1
alf,1
deadened,1
traditional,1
women,1
array,1
instructing,1
begging,1
unconvincingly,1
duels,1
ringleaders,1
shortest,1
flitting,1
tighter,1
gambling,1
slapped,1
thrill,1
witchhunts,1
snake,1
built,1
anythin,1
exit,1
flinch,1
lighting,1
announce,1
bred,1
spelled,1
lad,1
buttered,1
courses,1
longbottorn,1
unfinished,1
needing,1
succulentlooking,1
harp,1
gracious,1
overgrown,1
doddery,1
index,1
insulate,1
remedies,1
cradling,1
worries,1
replay,1
tracing,1
argued,1
offices,1
uttered,1
receive,1
malevolent,1
selfdisgust,1
pitiful,1
rider,1
fleetwoods,1
keys,1
fubsters,1
lemon,1
orrible,1
didja,1
backyard,1
diners,1
kneeling,1
shunting,1
veiled,1
springy,1
proceed,1
tournamentgetting,1
rematch,1
fragile,1
abut,1
charlie,1
culminating,1
aaaaaaarrrgh,1
hypnotized,1
ordeal,1
procedure,1
shrewd,1
manners,1
dessert,1
galaxy,1
oldfashioned,1
fears,1
lurked,1
completing,1
wise,1
twist,1
shoot,1
national,1
jars,1
sittin,1
smashing,1
scum,1
whimper,1
overturning,1
determinedly,1
contented,1
bleary,1
annual,1
dealings,1
dustylooking,1
befuddling,1
prowled,1
yellowandorange,1
wasted,1
malfunctioning,1
consorting,1
uses,1
robot,1
egg,1
lettering,1
crap,1
waddiwasi,1
nostril,1
relax,1
revived,1
frost,1
honeycolored,1
blades,1
hippogriffbaiting,1
eighth,1
mell,1
fortyten,1
bedtime,1
withering,1
fullgrown,1
formed,1
clump,1
isn,1
hesitation,1
rebounded,1
crosses,1
pot,1
introduced,1
unloaded,1
lend,1
buts,1
impervius,1
squelching,1
psst,1
memories,1
unlucky,1
brand,1
surpressed,1
journeyed,1
realizes,1
herrmones,1
gravel,1
gape,1
monstrous,1
police,1
hesitate,1
sheepishly,1
carrot,1
sinks,1
mured,1
dives,1
averting,1
lobbed,1
bounding,1
launching,1
welcomed,1
uncover,1
prized,1
trouser,1
youknowoos,1
liver,1
consulting,1
clucked,1
runing,1
villains,1
health,1
hotly,1
exposing,1
greasy,1
bombshell,1
challenging,1
hollow,1
soda,1
detour,1
phenomenal,1
roars,1
milky,1
anticipating,1
gaping,1
net,1
unscrewed,1
unwrap,1
curtly,1
noises,1
distract,1
gun,1
necessarily,1
helpful,1
frail,1
april,1
unusually,1
utter,1
uneasy,1
lesser,1
correct,1
rays,1
tightening,1
agitated,1
flanks,1
customs,1
reckless,1
crisis,1
exploring,1
paving,1
slabs,1
droop,1
woooooooooo,1
sayin,1
cabbages,1
generation,1
bluebellcolored,1
extinguishing,1
greenandgray,1
bomb,1
dangerously,1
revive,1
witnessed,1
gently,1
musical,1
sunkenfaced,1
wastebaskets,1
delapidated,1
separate,1
trevors,1
lacetrimmed,1
unwitting,1
copying,1
pounced,1
394,1
mongolia,1
grief,1
million,1
fellowship,1
forearm,1
cares,1
precise,1
veered,1
british,1
twod,1
fools,1
pretense,1
wavering,1
pondering,1
hysterically,1
hates,1
doorstep,1
approve,1
fastenings,1
dismantling,1
lumpy,1
unenthusiastic,1
repeatedly,1
meals,1
creep,1
pushover,1
kappa,1
whoop,1
arrows,1
firebold,1
obstacle,1
fingering,1
adventure,1
visibly,1
curling,1
fours,1
amusement,1
faults,1
assurance,1
grate,1
ministrys,1
hoods,1
kidney,1
malicious,1
samples,1
summoned,1
appearances,1
chess,1
noisemaker,1
lowers,1
blurs,1
gr,1
levels,1
preceding,1
strap,1
whimpering,1
transforming,1
wineglass,1
reaction,1
nim,1
buses,1
braggart,1
earrings,1
redhaired,1
slashing,1
cap,1
hmm,1
insufferable,1
uphold,1
speechless,1
acquired,1
endless,1
skill,1
eon,1
antlered,1
mighty,1
burnings,1
broomtail,1
elbowing,1
loftily,1
pallid,1
extrahard,1
spaces,1
quaking,1
cluster,1
giggles,1
tournament,1
thumps,1
imprisoned,1
scoops,1
infamous,1
explore,1
pewter,1
sorrow,1
avidly,1
temporary,1
babble,1
incapable,1
lawbreakers,1
limegreen,1
chooses,1
clamp,1
autobrake,1
wham,1
heights,1
predict,1
impenetrable,1
unearthly,1
pods,1
listlessly,1
urge,1
theory,1
scoff,1
cracker,1
chucking,1
hugging,1
skeleton,1
understannd,1
leavin,1
decent,1
waistband,1
charing,1
contract,1
disapprovingly,1
encourage,1
wildfire,1
demon,1
teabags,1
chorused,1
squares,1
guarded,1
looped,1
mudthrowing,1
alicias,1
admire,1
healthysized,1
150,1
u,1
hullo,1
housed,1
placidly,1
blob,1
surveyed,1
sneering,1
redder,1
trailing,1
unnerving,1
inter,1
punched,1
ferreting,1
happenin,1
directed,1
pardon,1
slippers,1
woebegone,1
unbidden,1
knowledge,1
comical,1
disguised,1
mulled,1
cleaning,1
apparent,1
bakinghot,1
paleeyed,1
sunk,1
millions,1
inspect,1
wheezes,1
rooted,1
rewritten,1
hugs,1
sumptuous,1
rumors,1
1612,1
caterpillars,1
delivery,1
ruined,1
lockjaw,1
inexplicably,1
travelers,1
bubble,1
fuming,1
mingling,1
irons,1
dwelling,1
details,1
windowsill,1
wafts,1
mission,1
appeals,1
mustn,1
whirl,1
possibilities,1
talentless,1
tentacles,1
beatings,1
listed,1
beauiful,1
corners,1
anguished,1
conplaints,1
cluttered,1
prejudiced,1
garlic,1
doubling,1
piglet,1
patient,1
prophets,1
rooftops,1
wastepaper,1
pincers,1
unbeatable,1
logically,1
halfheartedly,1
advice,1
sullenfaced,1
subjected,1
holes,1
restored,1
bleed,1
haaa,1
whoa,1
galleon,1
shards,1
stanley,1
blasted,1
custardcolored,1
hermes,1
platforms,1
stagecoaches,1
preferred,1
besides,1
classrooms,1
exclaiming,1
resulted,1
wormed,1
aim,1
graying,1
watery,1
vermin,1
glinted,1
weighing,1
crumpets,1
personalty,1
bristly,1
blossoming,1
rumbled,1
holdup,1
storm,1
indignation,1
lollipops,1
clusters,1
pops,1
isolated,1
couldn,1
savaged,1
saintly,1
refined,1
stinging,1
ropes,1
flame,1
stored,1
tremendous,1
respected,1
staircases,1
itdmake,1
benefits,1
billowing,1
foulest,1
advisable,1
caa,1
anonymously,1
pajama,1
misjudged,1
male,1
tinged,1
error,1
mask,1
beetles,1
scrawl,1
noaccount,1
honed,1
pug,1
seam,1
warms,1
rapt,1
reappearing,1
answering,1
everyonell,1
settling,1
shunned,1
deliver,1
temple,1
messing,1
apothecary,1
stacked,1
swill,1
aren,1
glowed,1
defended,1
crate,1
kinds,1
rehearsed,1
floodin,1
cooped,1
disarm,1
boulder,1
mops,1
harms,1
spying,1
sickness,1
fellows,1
bend,1
soccersized,1
fireside,1
professorhead,1
wrongfoot,1
differs,1
shoulnt,1
glimpses,1
gasp,1
bids,1
innocentlooking,1
starved,1
horsefaced,1
contemptuously,1
dispatched,1
spiffing,1
scalding,1
november,1
wail,1
aaargh,1
false,1
hallway,1
speededup,1
binding,1
extinguished,1
delivered,1
margo,1
tempt,1
toofbrush,1
tottered,1
heatedly,1
rotating,1
bilius,1
govnors,1
candlefilled,1
refusal,1
warlock,1
putrid,1
tableclothsized,1
outwitted,1
driveway,1
fruitless,1
lifetime,1
darkening,1
arrange,1
talentwise,1
bay,1
malice,1
wins,1
winded,1
trotted,1
banner,1
venomously,1
playground,1
personal,1
tripledecker,1
smelled,1
chortling,1
mall,1
vigorous,1
argyllshire,1
rainfilled,1
fondly,1
nicked,1
thunderbolt,1
shouldered,1
hiss,1
scooped,1
rub,1
reasons,1
resignation,1
pausing,1
contacting,1
tally,1
irish,1
cooed,1
thern,1
desperation,1
egged,1
flowering,1
earwiggy,1
mobiliarbus,1
didn,1
hastened,1
tuesday,1
benefit,1
measures,1
choconut,1
gingerly,1
blot,1
feared,1
welcomehomeforthesummer,1
extreme,1
ot,1
ole,1
hooted,1
healthier,1
ddont,1
yellowbellied,1
complaint,1
hidin,1
tinsel,1
strippingdown,1
vector,1
unworthy,1
feels,1
tread,1
strut,1
concoction,1
specially,1
expressionless,1
absent,1
bumped,1
dwarfs,1
yo,1
dramatically,1
downcast,1
somethingron,1
colorcoded,1
rum,1
feeds,1
continue,1
crucial,1
confirm,1
imposed,1
derisive,1
forbid,1
threeheaded,1
reproachful,1
rotten,1
jobs,1
intercity,1
tinny,1
goblets,1
moanin,1
weeds,1
steadily,1
lifethreatening,1
swerving,1
intending,1
margin,1
bogs,1
madman,1
lateness,1
luckily,1
exuberant,1
enticing,1
spots,1
guest,1
grunnings,1
outcast,1
hb,1
spooned,1
ladling,1
syrup,1
troublemakers,1
reads,1
suspension,1
clasped,1
mistrusted,1
miniature,1
folds,1
underfoot,1
agony,1
annoyingly,1
splintered,1
filthiest,1
tint,1
replayed,1
obsessed,1
scribbling,1
weapons,1
wilt,1
trains,1
flapping,1
layabout,1
abnormality,1
owlish,1
sports,1
sightless,1
feastll,1
nursing,1
gives,1
nipping,1
arrival,1
doublecrossed,1
employee,1
clip,1
flattening,1
described,1
counterattack,1
wiggling,1
hufflepuffll,1
fruit,1
toffees,1
tunnels,1
fishy,1
banned,1
wisely,1
misleading,1
fray,1
accord,1
raptly,1
lift,1
pines,1
bowling,1
blowingup,1
stones,1
gorillaish,1
decayed,1
crisply,1
befuddled,1
churchyards,1
absolute,1
retreated,1
sidelong,1
porridge,1
cute,1
exacly,1
intercepted,1
dirtiest,1
overpowering,1
scuttling,1
nonmuggle,1
cageful,1
loathed,1
topmost,1
trophy,1
role,1
officiallooking,1
stitch,1
flopping,1
restraint,1
experiment,1
sleepily,1
trusting,1
witty,1
flexed,1
assist,1
hannah,1
thump,1
snuff,1
quarry,1
pinning,1
compliments,1
discussions,1
sunburnt,1
remarkably,1
swam,1
croaky,1
escapin,1
rode,1
cheek,1
cascade,1
resuming,1
dodging,1
steaming,1
pig,1
countrys,1
superconscious,1
absorbed,1
unprovoked,1
lazing,1
released,1
whacked,1
withdrew,1
liar,1
nastysmelling,1
surroundings,1
scramble,1
hopping,1
battlefields,1
recklessly,1
equipment,1
abashed,1
fairies,1
ferrets,1
foulsmelling,1
seizure,1
ability,1
judge,1
apologies,1
stem,1
mastered,1
apron,1
phoned,1
skeletal,1
stinkin,1
regrettable,1
electricity,1
unqualified,1
scent,1
wolfsbane,1
chunk,1
tipsily,1
unsuccessful,1
hints,1
coverin,1
resolution,1
oaf,1
wardrobes,1
wears,1
entangled,1
watchful,1
poorly,1
ferocious,1
dueling,1
devils,1
loon,1
everythings,1
lastditch,1
features,1
strutting,1
propel,1
weeping,1
marvel,1
paralyzed,1
jolted,1
unsteady,1
ounce,1
tickets,1
accomplishing,1
lunascope,1
schoolbooks,1
formidablelooking,1
herone,1
bowlegged,1
revolted,1
torture,1
mop,1
windfall,1
carry,1
admits,1
sloppy,1
pursuits,1
allowances,1
strangest,1
individually,1
propelled,1
regular,1
hammered,1
intense,1
engulf,1
lukewarm,1
platters,1
finishes,1
fitch,1
skiving,1
warningly,1
vibrating,1
whirling,1
frustration,1
growling,1
positioned,1
connection,1
headlamps,1
nutter,1
thousands,1
chintz,1
encrusted,1
tremendously,1
stripped,1
berating,1
grays,1
tersely,1
awarded,1
spraying,1
befriend,1
amber,1
bargain,1
ushered,1
receptivity,1
humiliated,1
tripe,1
twelfth,1
bath,1
retaliation,1
bonds,1
powerfully,1
performance,1
artifacts,1
eluding,1
knuts,1
drivers,1
glances,1
grandfather,1
bandy,1
substitute,1
buns,1
dates,1
introduce,1
limping,1
bam,1
waddling,1
abroad,1
fatherll,1
oooooooh,1
bargained,1
mousetrap,1
cauldronful,1
inform,1
controlling,1
superiority,1
weapon,1
dank,1
silverblond,1
yielded,1
resorting,1
b,1
gramatica,1
attacking,1
canter,1
gutter,1
replenish,1
wrapper,1
recovering,1
war,1
o1iver,1
fiftyfoothigh,1
walnutsized,1
unsmiling,1
restore,1
lightened,1
demurred,1
revealing,1
tribute,1
chrismas,1
droppin,1
sickening,1
gilded,1
patients,1
guests,1
patience,1
freed,1
ruins,1
livin,1
flabbergasted,1
changes,1
marking,1
notify,1
results,1
increase,1
cloaked,1
tawny,1
hulking,1
aerodynamic,1
unbreakable,1
blowflies,1
elected,1
stout,1
imprecise,1
bestruddyteamintheschool,1
narrowing,1
conduct,1
hermlone,1
organization,1
cheeks,1
web,1
ta,1
heros,1
whered,1
aiming,1
wandlight,1
unkempt,1
haven,1
lawabiding,1
noisily,1
abouts,1
historical,1
realistically,1
tuh,1
sacrifice,1
brutality,1
penalties,1
hugged,1
jk,1
bump,1
marbles,1
perfection,1
smelly,1
descending,1
twentyfour,1
advise,1
puffapod,1
weakness,1
powdery,1
smattered,1
wrappings,1
leered,1
experimenting,1
squish,1
hardened,1
huskily,1
mighta,1
attitude,1
tombs,1
apoplectic,1
federation,1
quarters,1
safer,1
belch,1
mot,1
dusk,1
whet,1
worsened,1
slightest,1
prey,1
hauled,1
dense,1
combing,1
confidently,1
shouldntve,1
cramming,1
steeds,1
reversed,1
worlds,1
makings,1
gobletful,1
buckets,1
packin,1
paragraph,1
swearing,1
clippers,1
pebbledashed,1
nephew,1
removing,1
occupants,1
gorgeous,1
sarcastically,1
shivery,1
rubeus,1
boldly,1
cur,1
complaints,1
backside,1
redoubled,1
tshirt,1
value,1
apparition,1
brutes,1
transformation,1
knelt,1
deafening,1
dinnit,1
breakout,1
ministryd,1
columns,1
schedules,1
trials,1
rocking,1
offhandedly,1
fady,1
bloom,1
volunteer,1
criticism,1
attach,1
winked,1
inwardly,1
sober,1
fledged,1
owes,1
gashes,1
cos,1
actualy,1
moleskin,1
regularly,1
potionbrewer,1
slippery,1
stoop,1
tailcoat,1
cleansweep,1
cue,1
fraud,1
smuggled,1
nicknames,1
roof,1
yelped,1
corking,1
tart,1
bandage,1
rotted,1
effects,1
maddened,1
dine,1
patrono,1
fiftyten,1
hotter,1
flattered,1
glued,1
meddled,1
headmistress,1
jacket,1
forces,1
pick,1
slab,1
vanish,1
whispers,1
cups,1
coincidence,1
shirtsleeves,1
allforthebest,1
eacb,1
wormtaill,1
betting,1
tugging,1
auntie,1
accidental,1
sites,1
procession,1
ravenous,1
rings,1
bows,1
preparing,1
named,1
unique,1
tearfully,1
cornflakes,1
banners,1
jabbed,1
aid,1
leaf,1
grubby,1
walloped,1
reproving,1
wryly,1
skeletons,1
balloon,1
skidding,1
huffily,1
trifles,1
broodingly,1
turncoat,1
likin,1
racked,1
examined,1
enoughs,1
blamin,1
rarely,1
advises,1
rock,1
formless,1
eyelids,1
selves,1
reread,1
learn,1
featherlight,1
numbered,1
mild,1
predicted,1
imprinted,1
crossword,1
secondyear,1
unregistered,1
arranged,1
tumbling,1
firstrate,1
goodfornothing,1
trunkful,1
trousers,1
selfspelling,1
disgruntled,1
topsecurity,1
overcome,1
ecstatic,1
trickled,1
viciously,1
explains,1
lofty,1
beam,1
obscure,1
nobodys,1
firmer,1
fez,1
specks,1
diamondhard,1
stationing,1
darkened,1
foreboding,1
committed,1
disrupted,1
patterned,1
mock,1
memorable,1
bludgeon,1
enchantments,1
snout,1
bonbons,1
daybreak,1
promptings,1
wedve,1
comments,1
presume,1
obscuring,1
drooped,1
nap,1
possessions,1
rammed,1
turrets,1
anted,1
resonances,1
beaks,1
simpered,1
dismissed,1
gudgeon,1
spies,1
blazing,1
piercing,1
stack,1
booked,1
spawn,1
treetops,1
celebrating,1
battering,1
gasps,1
avenge,1
proposals,1
muscle,1
extracted,1
bookshop,1
misgivings,1
panicked,1
hoops,1
overtaxing,1
although,1
walloping,1
givin,1
inpatiendy,1
flameloving,1
believes,1
dismissively,1
marks,1
expelliarmushe,1
noisiest,1
unemployed,1
kinder,1
entrust,1
stage,1
symbols,1
nougat,1
dictionaries,1
disquiet,1
freezes,1
grotesque,1
weirdest,1
voicing,1
wildlooking,1
meaningful,1
trollishly,1
collapsing,1
pany,1
shuddering,1
undaunted,1
opponent,1
proclaimed,1
inseparable,1
torment,1
tomorrows,1
festivities,1
barn,1
message,1
itwas,1
evidently,1
macnai,1
drumroll,1
leathery,1
biscuits,1
woz,1
wholeheartedly,1
hustle,1
daylights,1
regrew,1
severed,1
waders,1
homebaked,1
boarding,1
revolving,1
merest,1
unfocused,1
roaming,1
groggy,1
wizened,1
stateoftheart,1
rent,1
bedlam,1
mislaid,1
righthand,1
remote,1
blotchy,1
alert,1
calling,1
sizes,1
caterpillar,1
dragonfly,1
whitehot,1
forty,1
bustled,1
hinges,1
predictions,1
tiredness,1
maniacs,1
anglesea,1
cafes,1
cassandra,1
thuds,1
sinew,1
tremulously,1
shrank,1
verge,1
motheaten,1
dresses,1
frayed,1
seemingly,1
repossessed,1
bike,1
vest,1
oil,1
lurkin,1
pies,1
potatoes,1
halted,1
slimmer,1
noticeable,1
muck,1
product,1
streamed,1
protector,1
backing,1
everyoned,1
likelylooking,1
absently,1
hornrimmed,1
meringue,1
beer,1
engine,1
stiflingly,1
insect,1
wrinkled,1
hippo,1
binder,1
dully,1
offputting,1
vulturetopped,1
cloth,1
humpbacked,1
min,1
extricate,1
fleeting,1
impressive,1
paralyzing,1
sometime,1
gangling,1
secondincommand,1
pow,1
unmoving,1
innumerable,1
scarf,1
suspecting,1
diagrams,1
outstripped,1
ballistic,1
hatchet,1
begs,1
external,1
skulked,1
sensibly,1
license,1
bolted,1
disapproval,1
ratty,1
inventing,1
consented,1
rattlesnake,1
prematch,1
smoky,1
furball,1
inspired,1
offending,1
hiccup,1
legendary,1
grades,1
scheduled,1
clutter,1
boiling,1
shows,1
margell,1
snails,1
seers,1
inky,1
misunderstand,1
jammed,1
gesturing,1
bonfire,1
extensive,1
displeasure,1
lethally,1
whereas,1
vengeance,1
blearyeyed,1
scraped,1
families,1
wales,1
plates,1
hind,1
dyin,1
heroic,1
trained,1
inviting,1
mistletoe,1
causing,1
judgment,1
judging,1
u_,1
responsible,1
whatll,1
advertisement,1
salmon,1
gee,1
gash,1
twilight,1
march,1
bells,1
stooped,1
andhe,1
enormously,1
tension,1
seventyten,1
disappointing,1
electric,1
glumly,1
uniform,1
grayish,1
sarcasm,1
overbalance,1
stroke,1
wad,1
burly,1
resolved,1
concocted,1
rationally,1
accepted,1
haring,1
shouts,1
valiant,1
mutant,1
uhoh,1
underwater,1
squawking,1
dreamy,1
spectacle,1
strangle,1
considerable,1
cleaned,1
seeped,1
yanking,1
chew,1
wade,1
lengthened,1
finer,1
digging,1
drool,1
unfortunately,1
belted,1
deliberately,1
spattered,1
remarkable,1
freshly,1
poisons,1
dictionary,1
wealth,1
doorways,1
indoors,1
mortals,1
smack,1
stalking,1
dewy,1
convenient,1
um,1
pace,1
lingered,1
dissolved,1
decision,1
underbred,1
fearful,1
recollection,1
roundfaced,1
spangled,1
disappearings,1
complained,1
squabble,1
disapproving,1
affected,1
semidarkness,1
controlled,1
surly,1
poke,1
nickname,1
recoiled,1
tops,1
laughingstock,1
bulged,1
archway,1
trolleys,1
plaque,1
shredding,1
scares,1
patched,1
agreement,1
criticize,1
splattering,1
friendship,1
midst,1
peters,1
halfclosed,1
propersized,1
stooping,1
haircut,1
countless,1
trooped,1
measure,1
blizzard,1
weakened,1
juggling,1
striving,1
zonko,1
applauded,1
diving,1
justice,1
stories,1
amused,1
supplied,1
bitch,1
ladles,1
fearfully,1
pumpkins,1
roorn,1
murderin,1
raced,1
urgent,1
gaggle,1
swooped,1
capturing,1
halfblinded,1
cough,1
suspicion,1
buttering,1
importance,1
horses,1
adopted,1
december,1
smithereens,1
deaths,1
meantime,1
authorize,1
blackmustached,1
symptoms,1
shore,1
screwing,1
fashion,1
various,1
tripped,1
nightshirt,1
raucous,1
tiger,1
swooning,1
bullying,1
bequeath,1
chambers,1
candle,1
absence,1
strolling,1
howd,1
ou,1
howls,1
wane,1
allies,1
sanity,1
enclosing,1
