ID;Vorname;Nachname;Kunden-Betreuer
11;Mark;Watts;1
12;Juanita;Wheatley;1
13;Eric;Taylor;8
14;Lisette;Sandahl;9
15;Ruby;Taylor;3
16;Kathleen;Gable;6
17;Kevin;Smart;10
18;Georgette;Whittle;7
19;Clyde;Oman;1
20;Brittney;Bolick;10
21;Tammy;Kohler;5
22;Ruth;Holguin;1
23;Jimmy;Rojo;10
24;Ralph;Callahan;10
25;Gracie;Mcintyre;2
26;Jonathan;Singleton;1
27;Larry;Gibson;5
28;James;Kowalski;4
29;Myrna;Doney;10
30;Jon;Milligan;2
31;Sidney;Samson;6
32;Matthew;Brown;6
33;Nancy;Pitts;2
34;Dennis;Patterson;9
35;Willie;Paik;8
36;Mohammad;Samora;7
37;Karen;Crawford;6
38;Laurie;Moore;8
39;William;Kaplan;6
40;Jesse;Daniels;7
41;Douglas;Harrington;4
42;Martin;Teal;4
43;Robert;Gonzalez;10
44;Gretchen;Perez;8
45;Dorothy;Higginbotham;7
46;Roberto;Carignan;7
47;Rob;Medlock;3
48;Vida;Sorell;8
49;Scott;Hartz;3
50;Mary;Kaltz;1
51;Allen;Keagle;6
52;Ronald;Ross;4
53;Walter;Jenkins;3
54;Stephen;Parker;8
55;Beverly;Pearson;4
56;Stephanie;Cantrell;2
57;Johnny;Fass;1
58;Jason;Pugh;4
59;Jeanine;Kennard;6
60;Mary;Jackson;2
61;Irene;Bryant;7
62;Danny;Seifert;2
63;Kayce;Aragon;5
64;David;Vaughn;1
65;Cody;Young;8
66;Jose;Hill;8
67;Doyle;Harrison;8
68;Cindy;Hock;6
69;Carmelo;Fortier;9
70;Ruthie;Jones;8
71;Doyle;Jenkins;7
72;Jennifer;Bates;5
73;Edward;Reeves;9
74;Sandra;Knowlton;6
75;Lucy;Hill;10
76;Tracy;Gomez;8
77;Marion;Miller;8
78;Richard;Pennington;7
79;Pamela;Green;2
80;Clair;Lee;1
81;Eddie;Billups;4
82;Melina;Shoemake;10
83;Victor;Parker;8
84;Karen;Williams;1
85;Richard;Bailey;1
86;Stephen;Williams;2
87;Amber;Lee;6
88;Deborah;Brooks;3
89;Victoria;Dyches;8
90;Brian;Mcrae;5
91;Carolyn;Spooner;9
92;Charles;Johnson;3
93;Russell;Arcangel;4
94;Mary;Hamernik;8
95;Gaylord;Bennett;4
96;Brad;Williams;6
97;Charles;Okajima;6
98;Vanessa;Mcdonald;4
99;Michael;Dortch;3
100;Delisa;Gillespie;3
101;John;Watson;5
102;Betty;Troyer;8
103;Talitha;Robinson;3
104;Jonathan;Mcneal;8
105;Susie;Sanchez;6
106;Margaret;Wells;10
107;Liliana;Moreno;6
108;Elnora;Sevillano;9
109;Susan;Rodriguez;6
110;Dawn;Cooks;2
111;Terry;Weiland;10
112;Adam;Odom;6
113;Robert;Cruz;8
114;Henry;Stancil;3
115;Katharine;Corriveau;5
116;Athena;Stillwell;2
117;Lawrence;Gonzales;2
118;Robbin;Garrett;8
119;Eva;Earhart;4
120;Lisa;Pidro;4
121;Ernesto;Patete;7
122;Sara;Gardner;7
123;Lois;Kay;5
124;Clara;Lang;9
125;Barbara;Esposito;2
126;Mitchell;Nimmo;4
127;Linda;Emberton;10
128;Rita;Vasquez;3
129;Felecia;Robinson;9
130;Rose;Schleck;6
131;Annabelle;Dandrea;6
132;Claire;Barth;4
133;Florence;Lobel;4
134;Joseph;Hairston;5
135;Gary;Brown;2
136;Stephanie;Jones;4
137;Annetta;Burris;2
138;Ruth;Hale;7
139;Eileen;Conn;2
140;Lydia;Laitila;7
141;Hattie;Houston;5
142;Brent;Walker;9
143;Robert;Manley;10
144;Neil;Delp;5
145;Vincent;Yuengling;6
146;Sharon;Elmer;6
147;William;Dunbar;8
148;Elizabeth;Bailey;7
149;James;Thompson;10
150;Catherine;Brown;10
151;Nettie;Watkins;3
152;William;Richardson;2
153;Margaret;Owczarzak;1
154;Martha;Brown;1
155;Melvina;Phillips;2
156;Gina;Smith;6
157;Dianne;Doherty;5
158;Kevin;Blansett;8
159;Robert;Allard;6
160;Emilie;Austin;6
161;Sean;Butler;7
162;Erin;Webster;2
163;Christina;Saenz;5
164;Myriam;Wolfe;8
165;Juan;Gauthier;6
166;Bridgett;Williams;2
167;Gina;Sawyer;10
168;Julian;Mccane;8
169;Sarah;Broyles;10
170;Yi;Haney;3
171;Fred;Coston;10
172;Angela;Brown;7
173;William;Giannini;2
174;Tracie;Smith;4
175;Woodrow;Burton;5
176;Jamal;Pritchard;4
177;Robert;Hinojosa;8
178;Simona;Williford;3
179;Ronald;Thompson;5
180;William;Leech;6
181;Elizabeth;Gomez;5
182;John;Blackman;7
183;Michael;Krebs;1
184;Joseph;Music;7
185;Jennifer;Prince;5
186;Alice;Pickett;6
187;Angela;Villalobos;3
188;Nancy;Spano;2
189;Tiffany;Marugg;5
190;Jo;Fenske;5
191;Roger;Rios;4
192;William;Driver;1
193;Cruz;Gainey;9
194;Barbara;Percy;6
195;Joseph;Vessey;10
196;Steven;Warner;10
197;Rafael;Salazar;3
198;Betty;Lint;5
199;Thomas;Coleman;8
200;Jane;Morris;8
201;Lloyd;Evans;9
202;James;Krausmann;9
203;Nancy;Pryor;10
204;Heidi;Gossett;1
205;Clementina;Hall;9
206;Jeremy;Tanner;2
207;Amanda;Roberts;8
208;Jacqueline;Johnson;5
209;Christina;Meyer;1
210;Warren;Nesbit;8
211;Stacey;Taylor;9
212;Consuelo;Howard;8
213;Marjorie;Glover;5
214;Natalie;Rivera;3
215;Christian;Allen;4
216;Andrea;Parks;9
217;Frank;Ramirez;6
218;Robert;Hess;9
219;George;Allbritton;2
220;Theresa;Lowrie;1
221;Derrick;Johns;6
222;James;Kurtz;10
223;Jacob;Adams;5
224;Modesta;Flemings;6
225;Ida;Hogen;3
226;Peggy;Bess;6
227;Malinda;Cathey;3
228;Johnny;Simons;2
229;Donald;Fillingham;6
230;Archie;Gath;6
231;Dixie;Blodgett;3
232;Elaine;Bryant;9
233;Jimmy;Shows;9
234;Ryan;Stenger;6
235;Drew;Murray;7
236;Mary;Breland;2
237;Joannie;Serrano;8
238;Joesph;Henley;5
239;Wendy;Davis;1
240;Denny;Winder;8
241;William;Lowe;1
242;Hui;Barbre;8
243;Robert;Robertson;2
244;Philip;Jebb;7
245;Sherri;Parker;10
246;Paul;Conard;9
247;Claudia;Juarez;7
248;Mary;Boyes;8
249;James;Craiger;8
250;Lynn;Renyer;10
251;Chester;Zohn;10
252;Keith;Aivao;5
253;Jennifer;Rich;3
254;Kevin;Glover;1
255;Warren;Simmons;1
256;James;King;1
257;Sheila;Reed;3
258;Michael;Quick;6
259;Joseph;Judd;5
260;John;Turner;5
261;Julia;Richardson;9
262;James;Paulino;6
263;Bethany;Craft;10
264;John;Robinson;6
265;Joseph;Paine;3
266;Giselle;Willadsen;5
267;Vernon;Billinger;10
268;Travis;Gunderson;10
269;William;Banda;6
270;Jamie;Jones;4
271;Ruth;Latch;9
272;Maureen;Christie;1
273;Ronald;Johnson;9
274;Andrew;Burghard;2
275;Hugh;Watkins;2
276;Wallace;Thibodeau;7
277;Christopher;Hernandez;9
278;John;Mcdaniel;1
279;Elizabeth;Olberding;10
280;Richard;Meek;3
281;Susan;Ferguson;5
282;Michael;Clark;6
283;Lisa;Lynch;8
284;Richard;Maccarone;2
285;Peter;Miller;4
286;Shane;Davis;6
287;Deloris;Mcnay;5
288;Diane;Bachand;8
289;Frank;Macfarland;7
290;Mark;Manning;1
291;Alan;Floyd;1
292;Cheryl;Torres;6
293;Griselda;Stavnes;7
294;Dorothy;Rice;5
295;Samuel;Hunter;6
296;James;Welby;3
297;William;Franco;6
298;Michael;Story;4
299;Marjorie;Woodworth;4
300;Dennis;Fender;2
301;Teresa;Maines;9
302;Stacey;Schaedler;5
303;Rita;Heath;5
304;Edna;Bender;7
305;Michael;Gabel;1
306;Thelma;Ricardo;2
307;Derek;Banks;4
308;Christopher;Mcconnell;5
309;Robert;Plagmann;4
310;Ralph;Mathis;2
311;Elisha;Gray;10
312;Juanita;Justice;9
313;Kandi;Joseph;10
314;Annette;Winkler;5
315;Clyde;Robinson;5
316;Laura;Cleveland;8
317;Debra;Murray;10
318;Veronica;Nakasone;5
319;Nicole;Udo;7
320;Matthew;Poteet;8
321;Ryan;Prince;6
322;Donna;Emery;1
323;Erica;Hines;3
324;Mary;Gardiner;4
325;Rafael;Taylor;6
326;Christopher;Millen;5
327;Todd;Nolan;8
328;Steve;Wyman;5
329;Bessie;Blackburn;2
330;Deborah;Harper;1
331;Alyson;Konty;4
332;Howard;Driggers;6
333;Linda;Woods;5
334;John;Burr;6
335;Frank;Elliott;9
336;Elsa;Jean;7
337;Sharlene;Wages;8
338;Sherry;Duvall;4
339;Brandy;Gaskamp;1
340;Ella;Gordon;9
341;Andrew;Orosco;9
342;Marjorie;Harmon;4
343;Christopher;Mcdonald;7
344;Carolyn;Smith;5
345;Helen;Ecton;8
346;Suzanne;Fitzgerald;5
347;Lamar;Davenport;9
348;John;Geib;9
349;May;Bryan;9
350;Jeffrey;Smith;7
351;John;Campbell;9
352;Johnnie;Lindberg;9
353;Kristopher;Dostal;2
354;Anne;Johnson;4
355;Emily;Crawford;9
356;Fannie;Cantrell;6
357;Mercedes;Perez;8
358;Arlene;Castrey;7
359;Betty;Scott;1
360;Steven;Wells;3
361;Jamie;Broussard;7
362;Kim;Nelson;2
363;Roger;Williams;6
364;Charles;Herrera;2
365;Richard;Talbott;7
366;Andrea;Reed;2
367;Althea;Basso;2
368;Kendall;Valdez;3
369;Luis;Williams;5
370;Maria;Raub;2
371;Paul;Rusin;4
372;Douglas;Weitzman;9
373;Jose;Cannon;1
374;Sarah;Hooper;7
375;Reed;Jolicoeur;8
376;Sharon;Williams;4
377;Latanya;Hernandez;3
378;Mattie;Bridges;4
379;Kelly;Tennison;9
380;Amber;Sanchez;5
381;Lee;Dibble;1
382;Mark;Shelley;8
383;Charles;Smith;6
384;Michael;Laflam;5
385;Tara;Roberts;2
386;Erica;Geary;7
387;Ruth;Wood;2
388;Clara;Ruble;2
389;William;Enriquez;4
390;Karen;Bullock;8
391;Ayanna;Brown;2
392;Robert;Jeanlouis;3
393;Eric;Peters;2
394;George;Avalos;4
395;Charles;Nieves;8
396;Ella;Mcneill;5
397;Mary;Maestas;4
398;Paul;Palmer;10
399;James;Reilly;2
400;Shelley;Pratt;9
401;Nichole;Fish;9
402;Paul;Staples;2
403;Heather;Albert;2
404;Walter;Westervelt;4
405;Maria;Halstead;10
406;Elizabeth;Archer;10
407;Lloyd;Lawrence;10
408;Darryl;White;10
409;Natalie;Smith;6
410;James;Fair;4
411;Herman;Allison;8
412;Matthew;Bean;10
413;Ann;Vega;9
414;Gilbert;Watkins;2
415;Alene;Allen;3
416;Carol;Harty;3
417;Dorothy;Wallace;4
418;Fredrick;Gaines;1
419;Steven;Karathanasis;6
420;Scott;Rodgers;3
421;Lavern;Contreras;10
422;Polly;Diaz;6
423;Justin;Vandermark;4
424;Ray;Williams;4
425;Justin;Moreno;5
426;Troy;Guthmiller;10
427;Margaret;Clark;5
428;Ann;Blank;5
429;Nathan;Smith;10
430;Elisa;Bell;3
431;Karoline;Stiles;9
432;Eleanor;Morales;4
433;Sylvia;Smith;5
434;Steve;Newkirk;5
435;Carolyn;Miller;2
436;Francis;Wright;5
437;Stephen;Rochon;10
438;Linda;Christophe;5
439;Denise;Gerow;2
440;Rickey;Garcia;10
441;Jennifer;Thomas;4
442;Myron;Rogers;8
443;Leon;Douglass;9
444;Carl;Testerman;6
445;Andrew;Hill;5
446;Antonio;Thompson;10
447;Nina;Mcclendon;7
448;William;Landry;8
449;Charles;Lee;8
450;Victoria;Waterman;7
451;David;Winfield;4
452;Kevin;Zuber;9
453;Patrick;Obrien;10
454;Maria;Mcelroy;8
455;Elsie;Chamberlain;6
456;Steve;Yates;9
457;Erin;Kramer;5
458;Sharon;Carrol;6
459;Gena;Miller;8
460;Virginia;Mckee;10
461;Wilma;Galloway;2
462;Andrew;Pesce;7
463;Sandra;Marcotte;7
464;Elvis;Griffith;3
465;Helen;Moyer;10
466;Mark;Thomas;2
467;Ebony;Sanders;2
468;John;Craig;5
469;Lorene;Murch;4
470;Erma;Sears;3
471;Terri;Snellgrove;4
472;Edward;Beckett;1
473;James;Hays;3
474;Lynette;Wolfe;4
475;Jennifer;Young;7
476;Stacey;Hicks;5
477;Jack;Lochrico;4
478;Jean;West;4
479;Beth;Hull;4
480;Judith;Mclain;4
481;Seth;Eagle;6
482;Micheal;Jolly;8
483;Norma;Martin;2
484;Jessica;Duenas;3
485;Cheri;Hubbard;7
486;Joseph;Warren;9
487;Patrick;Fletcher;10
488;Matthew;Berger;2
489;Gregory;Gibson;10
490;Delmy;Fuller;3
491;Clarence;Rodgers;3
492;Claudia;Lomeli;5
493;Luke;Morrison;3
494;Elizabeth;Johnson;5
495;Robert;Mohamed;4
496;James;Mckibben;7
497;Kevin;Barner;6
498;Dallas;Ross;7
499;Marvin;Hughes;8
500;David;Henkes;9
501;Paul;Mcintyre;5
502;Vickie;Washington;3
503;Shane;Galarza;7
504;Evelyn;Sargeant;1
505;Donald;Murray;8
506;Vincent;Duncan;8
507;Alan;Aldrich;7
508;John;Maenpaa;1
509;Bernard;Hetz;5
510;Robert;Degroot;5
511;Angela;Troy;3
512;Christina;Bradley;6
513;Joann;Blanchard;6
514;Gina;Shelby;7
515;Sonja;Moreno;8
516;Jimmy;Farrior;4
517;Melissa;Brewer;4
518;Anthony;Shackelford;4
519;Jaime;Riggins;1
520;Rose;Fletcher;9
521;Calvin;Kinnear;3
522;Rhonda;Ruckman;6
523;Joseph;Eberhart;5
524;Beverly;Pittman;5
525;Charles;Castleman;2
526;Paul;Ylonen;1
527;Donna;Taylor;5
528;Donna;Winters;5
529;John;Ortega;5
530;Richard;Turner;4
531;Susan;Buford;6
532;Benedict;Murray;1
533;William;May;9
534;Kelsey;Tyler;1
535;Maude;Masters;2
536;Eric;Mcaninch;10
537;Christine;Spear;5
538;Janet;Gonzales;2
539;Sarah;Seel;2
540;Kevin;Mcguffey;1
541;Patricia;Mora;8
542;Clyde;Long;1
543;Michael;Goings;5
544;Robert;Vitt;4
545;Seth;Wyatt;10
546;Sergio;Pereira;3
547;Jerome;Polston;3
548;John;Mckenna;5
549;Vivian;Scroggs;6
550;Andrea;Evans;3
551;Laura;Brock;5
552;Susanne;Thomson;9
553;Herbert;Collura;8
554;Marcus;Mendoza;8
555;Eva;Millick;5
556;Alice;Marriott;7
557;John;Brumleve;5
558;Theresa;Caldwell;6
559;Lisa;Salinas;3
560;Frederick;Clemons;9
561;Bernice;Perdue;2
562;Eva;Thurman;10
563;Kevin;Rosel;1
564;Tracie;Garvin;1
565;Jeremiah;Ramsey;10
566;Marie;Boulware;8
567;Annette;Boren;4
568;Dianne;Cunningham;2
569;Gail;Burdine;4
570;Elizabeth;Bylsma;8
571;Robert;Hines;2
572;Eli;Hayes;1
573;Patty;Raygoza;3
574;Jennifer;Ramirez;10
575;Christopher;Brown;2
576;Angela;Conover;9
577;Thomas;Henderson;1
578;Kevin;Miner;7
579;Jerry;Walker;5
580;John;Castro;6
581;Darren;Bartlett;10
582;Constance;Williams;8
583;Judy;Ratcliff;9
584;Rhonda;Bryan;2
585;William;Maldomado;1
586;Gloria;Morales;10
587;Stephanie;Posas;2
588;Gregory;Holohan;10
589;Lindsey;Harrison;5
590;Angela;Barksdale;5
591;Karin;Daigle;10
592;Ashley;Mayer;7
593;Jason;Hill;10
594;Wilma;Pollard;3
595;Joann;Foster;2
596;Linda;Winnen;2
597;Stephanie;Hayes;5
598;Patricia;Reed;4
599;Reyes;Crain;7
600;Dennis;Black;3
601;Marian;Seger;8
602;James;Bradley;4
603;Dorothy;Turner;6
604;Sandra;Benson;9
605;Mary;Calder;10
606;Shelby;Mccroy;1
607;Rebecca;Mitchell;10
608;Richard;Reed;10
609;Chris;Laughlin;7
610;Doris;Medford;3
611;Ann;Carroll;6
612;Andrew;Culp;10
613;Kathleen;Tada;9
614;Tanya;Bagdon;4
615;Jonathan;Nickerson;6
616;Charles;Ruble;9
617;Diane;Lescarbeau;2
618;Ollie;Coleman;9
619;Mary;Berry;5
620;Arthur;Janak;7
621;Joe;Leonard;1
622;Margaret;Besse;10
623;Trudy;Kisner;3
624;Lois;Smith;1
625;Margaret;Fiedler;4
626;Renee;Brune;1
627;Quincy;Marler;8
628;Marietta;Oswald;9
629;David;Leray;7
630;Ted;Donati;9
631;Karl;Hairston;6
632;Larry;Dalton;6
633;Denise;Barbetta;5
634;Jeffrey;Mclarney;7
635;Juliette;Neal;8
636;Mary;Kirby;8
637;David;Webb;1
638;Jose;Mize;4
639;Shannon;Rhodes;8
640;Amy;Roman;10
641;Lizzie;Steinke;4
642;John;Conaway;4
643;Anita;Johnson;8
644;Thomas;Abbott;6
645;Kip;Hamilton;1
646;Ada;Lopez;8
647;Katherine;Blanton;3
648;Steven;Harrell;7
649;Malcolm;Crespo;6
650;Kenneth;Phillips;8
651;Dennis;Niemi;6
652;Mary;Sears;10
653;Pearl;Young;2
654;Linda;Sanders;6
655;Mary;Kramp;4
656;Jessica;Burditt;1
657;Stephenie;Young;1
658;Mildred;Allen;8
659;Lee;Mcclallen;2
660;Pearl;Hardie;5
661;Mary;Johnston;1
662;Michael;Davis;2
663;Gregory;Love;5
664;Anita;Rivas;1
665;Jimmy;Mertens;8
666;Donald;Miller;1
667;Brice;Longley;2
668;Dennis;Pitts;6
669;Estela;Roberson;8
670;Dominic;Moise;1
671;John;Chambers;7
672;Jeff;Diclaudio;6
673;Wayne;Brunet;6
674;Sydney;Lau;3
675;Bernard;Muzii;7
676;Nicholas;Speer;8
677;Arthur;Jones;6
678;Kaitlyn;Mullenax;4
679;Natasha;Altman;5
680;Rachel;Gorn;4
681;Gene;Smith;9
682;Jaime;Cosgrove;6
683;David;Cook;7
684;Amy;Hoffman;3
685;Karen;Hardy;1
686;Sharla;Wells;5
687;Jennifer;Hamby;6
688;Todd;Decook;9
689;Theresa;Norwood;3
690;Mary;Stimpert;4
691;Roger;Spencer;2
692;Mary;Klein;5
693;Ignacio;Bradford;3
694;Erin;Hey;5
695;Nathan;Colvin;6
696;Elton;Harrel;1
697;Jason;Defenbaugh;8
698;Mark;Gilfillan;4
699;Katrina;Ochs;5
700;Clifton;Broussard;4
701;Edith;Smith;10
702;Susan;Williams;3
703;Gabrielle;Mckean;3
704;Richard;Oday;5
705;Timothy;Paulino;6
706;Tamara;Askew;4
707;Joel;Cobb;4
708;Karen;Hazelton;8
709;Josephine;Burton;10
710;Allan;Briones;1
711;Annette;Williams;10
712;Victor;Jackson;3
713;Germaine;Poplar;4
714;Keven;Washington;2
715;Frederick;Sabo;1
716;Joseph;Kearns;2
717;Henry;Raley;1
718;William;Akins;9
719;Cheryl;Dearman;2
720;Jeffrey;Chambers;10
721;Anna;Portes;10
722;James;Nicole;10
723;Timothy;Bowers;1
724;Ignacio;Simms;9
725;Paul;Aguilar;1
726;Matthew;Covello;3
727;Helen;Dender;8
728;Anthony;Deslauriers;8
729;Donald;Hiller;10
730;Zina;Street;8
731;Guy;Bartley;2
732;Norman;Mckillip;4
733;Brendan;Todaro;2
734;Richard;Dixon;8
735;Glenda;Gutierrez;3
736;Caleb;Clawson;9
737;James;Ottesen;5
738;Patsy;Sayle;8
739;Irene;Wilson;4
740;Marcelino;Robinson;3
741;Ora;Salcedo;10
742;Ronald;Hyer;5
743;Dennis;Paiz;1
744;Ellen;Latham;4
745;Adrian;Vereen;1
746;Mark;Bartkowski;10
747;Sydney;Holcomb;9
748;Dorothy;Vinson;1
749;David;Jones;7
750;Holly;Bishop;7
751;Cary;Jackson;3
752;Daniel;Breit;7
753;Annie;Jacobs;9
754;Estelle;Kliebert;4
755;Rodney;Mayo;3
756;Bette;Speck;8
757;Debra;Tracy;6
758;Ellen;Allman;9
759;Kristen;Barton;7
760;Daniel;Facteau;4
761;Leroy;Gustin;4
762;Aaron;Morris;5
763;Steve;Lopez;7
764;Patrice;Spears;4
765;Cristina;Wells;5
766;Craig;Craft;1
767;Melissa;Hopkins;4
768;Joe;Walters;8
769;Bonnie;Durfee;8
770;Melva;Roe;5
771;Valerie;Hawks;7
772;Norman;Gordy;7
773;Kathryn;Robinson;5
774;David;Springer;1
775;Marcia;Melendez;3
776;Kelly;Schoemaker;2
777;Jeanie;Smith;3
778;John;Kearse;3
779;Marcella;Macaraeg;3
780;Paul;Yengo;6
781;Rob;Drake;2
782;Janis;Joe;9
783;Lawrence;Pride;9
784;Leanne;Herald;3
785;Mathew;Harrington;6
786;Robert;Williams;10
787;Lisa;Stancil;9
788;Seth;Eaton;3
789;Barry;Dorman;2
790;Tonya;Moore;1
791;Aaron;Lambert;3
792;Sarah;Mccauley;10
793;George;Reed;6
794;Victor;Johnson;10
795;Scott;Jones;2
796;Tonya;Kushner;6
797;Steven;Stagg;3
798;Frank;Perham;8
799;Lorraine;Trott;2
800;Carlos;Hebel;9
801;Patricia;Smith;3
802;Brandon;Jones;8
803;Chris;Fisher;2
804;Betty;Ward;2
805;Linnie;Myers;10
806;Yvonne;Flynn;4
807;James;Gullickson;3
808;David;Mueller;7
809;Yesenia;Rushton;5
810;Dorothy;Waters;6
811;Roy;Nemec;1
812;Patricia;Pisano;9
813;Samuel;Boyden;10
814;Simon;Hefley;8
815;Deborah;Mcdowell;3
816;Linda;Murphy;8
817;John;Martin;3
818;Jeffrey;Jochum;6
819;Heidi;Hartl;4
820;Julie;Crain;2
821;Barbera;Brushwood;4
822;Victoria;Bennett;1
823;Tara;Neil;7
824;Joanne;Faulk;9
825;Cynthia;Fleeman;5
826;Kathleen;King;9
827;John;Villeneuve;6
828;Alex;Lopez;3
829;Clyde;Boyer;6
830;Barbara;Perun;2
831;Cheryle;Burton;6
832;Ann;Dancy;1
833;Terry;Craig;10
834;Marsha;Smith;3
835;Kelsie;Cotter;9
836;Michelle;Stokes;3
837;Stacy;Dyas;5
838;Sylvia;Snyder;5
839;Donna;Price;10
840;Joshua;Carey;3
841;Rhoda;Moran;4
842;Edward;Buffin;1
843;Peter;Morales;3
844;Guillermo;Levine;7
845;Roy;Conyers;4
846;Florence;Kennedy;5
847;Aida;Fogle;3
848;Shannon;Barbin;9
849;Cleta;Johnson;10
850;Bryan;Dedic;9
851;Sherlene;Campbell;6
852;Daniel;Gresham;4
853;Becky;Blake;10
854;Sharon;Mills;10
855;Jeanne;Greer;10
856;Robert;Frye;3
857;Michael;Sizemore;4
858;Gloria;King;9
859;Ricky;Ward;3
860;Felicia;Perry;2
861;Randy;Fink;7
862;Delmy;Mcnally;1
863;Ruth;Burch;3
864;Thomas;Guerette;2
865;Lee;Sabad;5
866;Doretha;Whalen;4
867;Kacy;Griggs;1
868;Tracie;Avila;9
869;Maria;Cazier;7
870;Robert;Dalphonse;1
871;Kara;Gomez;1
872;Jeff;Johnson;8
873;Jeffrey;Mims;8
874;Kay;Ables;6
875;Lewis;Miller;3
876;Carlos;White;8
877;Ralph;Westcott;6
878;Maureen;Holt;3
879;Susan;Jackson;5
880;Paul;Davis;6
881;Freda;Montgomery;1
882;Grace;Garcia;2
883;Ronald;Gleason;10
884;Chance;Harness;4
885;Amber;Howard;3
886;Bryan;Nast;5
887;Debra;Welch;4
888;Diane;Diego;2
889;Brandy;Morris;4
890;Paige;Capps;4
891;Judy;Gualtieri;7
892;Bridgette;Kindle;6
893;Burt;Castillo;1
894;Howard;Cox;4
895;Ann;Hitt;10
896;Krista;Dionne;10
897;Robert;Ramos;6
898;Barb;Valdez;10
899;Doris;Roark;5
900;Felicia;Jones;1
901;Noah;Gauvin;9
902;David;Truman;8
903;Kyle;Jensen;7
904;Jean;Klein;10
905;Debra;Pearsall;1
906;Dorothy;Davis;3
907;Merle;Mccammon;4
908;Martina;Collins;2
909;Anthony;Gonzales;7
910;Karen;Mitchell;4
911;Sarah;Cook;2
912;Sonia;Barrientos;10
913;Leila;Cabello;2
914;Ian;Finley;5
915;Angel;Dupree;7
916;Vincent;Feller;2
917;Jean;Longacre;4
918;Don;Simms;2
919;William;Mason;10
920;Erica;Sneed;4
921;Martha;Evans;2
922;Fiona;Nolie;9
923;Carrie;Bogart;7
924;Edward;Johnson;7
925;Novella;Mcleod;1
926;David;Stone;6
927;Christian;Kingery;5
928;Craig;Smith;8
929;Michael;Bromley;3
930;Vincent;Ng;2
931;Anthony;Altman;8
932;David;Lopez;4
933;Ora;Knupp;5
934;Jesse;Wageman;1
935;Nathan;Brooks;7
936;Herb;Bridges;1
937;Kathryn;Castro;8
938;Edith;Soehl;3
939;Samuel;Hegwood;3
940;June;Nelson;2
941;Shannon;Jones;7
942;William;Moses;1
943;Marta;Wilson;1
944;Lemuel;Keith;9
945;Sandra;Dragich;9
946;Cynthia;Kenney;5
947;Marilyn;Witherspoon;4
948;Colby;Blankenship;2
949;Christina;Layne;6
950;Debra;Johnson;4
951;Vera;Shorter;2
952;Delores;Rister;8
953;Rose;Boyd;6
954;Desiree;Schon;2
955;Jake;Brown;1
956;Lee;Mosier;9
957;Ralph;Chesnutt;7
958;Kenneth;Ramirez;5
959;Bradley;Priem;6
960;Teresa;Ledesma;4
961;Betty;Noyes;2
962;Otis;Gluck;6
963;Joy;Arceo;7
964;Chasity;Finke;5
965;Luann;Metcalf;1
966;Christopher;Guerrero;7
967;Kenneth;Piercy;2
968;Mikki;Stratton;2
969;Mathew;Corbett;8
970;Stephen;Johnson;1
971;Michael;Perri;10
972;Michael;Early;9
973;Doris;Jackson;2
974;Steven;Pellowski;1
975;Casey;Anderson;8
976;Danita;Berg;6
977;Joanna;Fisher;5
978;Mary;Newell;5
979;Manuel;Zeigler;8
980;Cheryl;Lindauer;4
981;Ruby;Morgon;3
982;Kim;Schulte;1
983;Jeffrey;Long;5
984;Deborah;Herman;8
985;Sherley;Hadlock;3
986;Irma;Hickson;3
987;Thomas;Adams;4
988;Marylou;Lopez;3
989;Loyd;Whitson;6
990;John;Porter;1
991;Robert;Works;5
992;Mark;Rich;5
993;James;Miller;7
994;Thomas;Werner;3
995;Alfred;Mitchell;3
996;Kathleen;Soto;4
997;Jennifer;Hull;2
998;John;White;4
999;Kenneth;Newby;2
1000;Edward;Cann;9
1001;Jamie;Tomlin;8
1002;Anne;Bitting;1
1003;Sandra;White;3
1004;Leon;Oliver;1
1005;Roland;Fudge;2
1006;Cristina;Krell;10
1007;Christopher;Mckinnon;3
1008;Linda;Waggoner;4
1009;James;Hall;9
1010;Elizabeth;Harian;10
1011;Tina;Rogers;9
1012;Robert;Hubbard;10
1013;Perry;Standard;1
1014;Scott;Haney;1
1015;Iona;Hessler;5
1016;Selena;Cerda;8
1017;Jean;Finn;8
1018;Evelyn;Baldwin;4
1019;Pauline;Custard;7
1020;Jermaine;Baker;3
1021;Jared;Brown;9
1022;Joel;Kempinski;4
1023;James;Caraballo;5
1024;Jeffrey;Miller;5
1025;Eugene;Nahass;3
1026;Renay;Bevington;9
1027;Floyd;Ostermann;4
1028;Kelvin;Mitchell;5
1029;Willard;Hier;6
1030;Merle;Ussery;10
1031;Timothy;Johnson;6
1032;Linda;Tom;5
1033;Walker;Burtch;3
1034;Megan;Lheureux;10
1035;Carol;Casey;7
1036;Renee;Elliott;6
1037;David;Greenstreet;2
1038;Eva;Tatom;3
1039;Michael;Cam;3
1040;Arthur;Villalpando;4
1041;James;Tucker;9
1042;Deborah;Rourke;3
1043;Rodney;Labbe;4
1044;Barbara;Carey;5
1045;Jack;Wellington;9
1046;Ramiro;Stclair;5
1047;Stacey;Swanson;10
1048;Lyndia;Kapp;7
1049;Mark;Riley;3
1050;Benjamin;Jones;7
1051;Joseph;Distaffen;10
1052;Anna;Fraser;4
1053;Israel;Gathers;7
1054;Melinda;Gilmore;10
1055;Alice;Kaneta;3
1056;Barbara;Holmes;1
1057;Jeffery;Edwards;3
1058;Shandra;Gallo;2
1059;Samuel;Nash;6
1060;Jeanette;Marino;8
1061;Marie;Diaz;7
1062;Lashawn;Gambrill;4
1063;Wanda;Bowers;7
1064;Irene;Aubrey;9
1065;Katherine;Garcia;5
1066;Nettie;Perez;3
1067;Tiffany;Erickson;1
1068;Mary;Pickering;5
1069;Theodore;Kohl;4
1070;Cheryl;Dennison;1
1071;Eric;Spease;2
1072;Rhoda;Bryan;1
1073;John;Testa;3
1074;Robert;Watkins;10
1075;Shane;Dutcher;5
1076;Joshua;Flores;5
1077;Helen;King;5
1078;Edwardo;Williams;4
1079;Armando;Quarles;9
1080;Mabel;Sanchez;4
1081;Adam;Brown;4
1082;Darryl;Lyons;6
1083;Penny;Woolard;1
1084;Joan;Gray;6
1085;Toni;Mcculley;9
1086;Lisa;Duarte;5
1087;Leah;Levine;3
1088;Linda;Stohr;10
1089;Gregory;Cook;7
1090;Matt;Mitchell;1
1091;David;Wooten;9
1092;Michael;Oeltjen;7
1093;Colleen;Dykes;6
1094;Martin;Powell;3
1095;Selina;Allard;4
1096;Chad;Callahan;5
1097;John;Hays;3
1098;William;Roberts;8
1099;John;Chappell;9
1100;Mario;Gray;5
1101;Carmen;Garcia;1
1102;Moon;Miller;2
1103;Flora;Ford;3
1104;Cynthia;Couchman;10
1105;Manuel;Gibson;10
1106;Daniel;Greer;7
1107;Teresa;Pecoraino;10
1108;Norma;Peterson;7
1109;Margaret;Graham;1
1110;Shawn;Hassell;1
1111;Brenda;Davies;5
1112;Jesus;Sanders;1
1113;Bryan;Larrick;8
1114;Raul;Hoffman;4
1115;Mildred;Smith;8
1116;Giselle;Moreno;9
1117;Donald;Ratcliffe;8
1118;Brian;Pendergrass;3
1119;Arthur;Little;2
1120;Robert;Rich;5
1121;John;Williams;3
1122;Andrew;Dean;8
1123;Dorthy;Devera;9
1124;Eric;Roberts;5
1125;Edna;Smith;6
1126;Daniel;Reynolds;4
1127;Mary;Golightly;1
1128;Kelly;Puckett;3
1129;Erik;Bowman;5
1130;James;Garnes;8
1131;Adam;Smith;8
1132;Art;Etheridge;7
1133;Erin;Mayo;10
1134;Amalia;Flores;3
1135;Jose;Gregory;4
1136;Michael;Klein;10
1137;Louis;Hedges;6
1138;Wendy;Terry;6
1139;Elaine;Hayashi;3
1140;Miriam;Webb;10
